nganh_slug,ten_nganh,nhom_nganh
bien-tap-xuat-ban,Biên tập xuất bản,Báo chí - Truyền thông
bieu-dien-nhac-cu-truyen-thong,Biểu diễn nhạc cụ truyền thống,Báo chí - Truyền thông
bao-chi,Báo chí,Báo chí - Truyền thông
bao-chi-chat-luong-cao,Báo chí - Chất lượng cao,Báo chí - Truyền thông
bao-phat-thanh,Báo phát thanh,Báo chí - Truyền thông
bao-truyen-hinh,Báo truyền hình,Báo chí - Truyền thông
bao-truyen-hinh-chat-luong-cao,Báo truyền hình chất lượng cao,Báo chí - Truyền thông
ct-dhnnqt-truyen-thong-marketing-tich-hop,CT ĐHNNQT truyền thông Marketing tích hợp,Báo chí - Truyền thông
chuong-trinh-dhnnqt-truyen-thong-marketing-tich-hop,Chương trình ĐHNNQT Truyền thông Marketing tích hợp,Báo chí - Truyền thông
cong-nghe-thong-tin-truyen-thong,Công nghệ thông tin - Truyền thông,Báo chí - Truyền thông
cong-nghe-thong-tin-va-truyen-thong,Công nghệ thông tin và truyền thông,Báo chí - Truyền thông
cong-nghe-thong-tin-va-truyen-thong-so,Công nghệ thông tin và truyền thông số,Báo chí - Truyền thông
cong-nghe-truyen-thong,Công nghệ truyền thông,Báo chí - Truyền thông
cong-nghe-dien-anh-truyen-hinh,"Công nghệ điện ảnh, truyền hình",Báo chí - Truyền thông
dien-vien-kich-dien-anh-truyen-hinh,"Diễn viên kịch, điện ảnh-truyền hình",Báo chí - Truyền thông
kinh-doanh-xuat-ban-pham,Kinh doanh xuất bản phẩm,Báo chí - Truyền thông
ky-thuat-truyen-thong-mang-may-tinh,Kỹ thuật truyền thông & mạng máy tính,Báo chí - Truyền thông
ky-thuat-truyen-thong-va-mang-may-tinh,Kỹ thuật truyền thông và mạng máy tính,Báo chí - Truyền thông
marketing-va-truyen-thong,Marketing và Truyền thông,Báo chí - Truyền thông
mang-may-tinh-truyen-thong-du-lieu,Mạng máy tính & truyền thông dữ liệu,Báo chí - Truyền thông
mang-may-tinh-va-truyen-thong,Mạng máy tính và truyền thông,Báo chí - Truyền thông
mang-may-tinh-va-truyen-thong-dl,Mạng máy tính và truyền thông DL,Báo chí - Truyền thông
mang-may-tinh-va-truyen-thong-du-lieu-chuong-trinh-tieu-chuan,Mạng máy tính và truyền thông dữ liệu - Chương trình tiêu chuẩn,Báo chí - Truyền thông
mang-may-tinh-va-truyen-thong-du-lieu,Mạng máy tính và truyền thông dữ liệu),Báo chí - Truyền thông
nghe-thuat-truyen-thong-duong-dai,Nghệ thuật truyền thông Đương đại,Báo chí - Truyền thông
pohe-truyen-thong-marketing,POHE - Truyền thông Marketing,Báo chí - Truyền thông
quan-he-chinh-tri-va-truyen-thong-quoc-te,Quan hệ chính trị và truyền thông quốc tế,Báo chí - Truyền thông
quan-he-cong-chung,Quan hệ công chúng,Báo chí - Truyền thông
quan-he-cong-chung-ct-clc2,Quan hệ công chúng - CT CLC2,Báo chí - Truyền thông
quan-he-cong-chung-chuyen-nghiep,Quan hệ công chúng chuyên nghiệp,Báo chí - Truyền thông
quan-he-quoc-te-va-truyen-thong-toan-cau,Quan hệ quốc tế và Truyền thông toàn cầu,Báo chí - Truyền thông
quay-phim-truyen-hinh,Quay phim truyền hình,Báo chí - Truyền thông
quan-tri-an-ninh-phi-truyen-thong,Quản trị An ninh phi truyền thống,Báo chí - Truyền thông
quan-tri-cong-nghe-truyen-thong,Quản trị công nghệ truyền thông,Báo chí - Truyền thông
quan-tri-kinh-doanh-quan-tri-hang-khong-quan-tri-truyen-thong,Quản trị kinh doanh; Quản trị hàng không; Quản trị truyền thông),Báo chí - Truyền thông
quan-tri-truyen-thong,Quản trị truyền thông,Báo chí - Truyền thông
quang-cao,Quảng cáo,Báo chí - Truyền thông
thiet-ke-da-phuong-tien-va-bao-chi-truyen-thong,Thiết kế đa phương tiện và Báo chí truyền thông),Báo chí - Truyền thông
tieng-anh-truyen-thong,Tiếng Anh truyền thông,Báo chí - Truyền thông
truyen-thong,Truyền thông,Báo chí - Truyền thông
truyen-thong-marketing,Truyền thông Marketing,Báo chí - Truyền thông
truyen-thong-van-hoa,Truyền thông Văn hóa,Báo chí - Truyền thông
truyen-thong-chinh-sach,Truyền thông chính sách,Báo chí - Truyền thông
truyen-thong-doanh-nghiep,Truyền thông doanh nghiệp,Báo chí - Truyền thông
truyen-thong-doanh-nghiep-so,Truyền thông doanh nghiệp số,Báo chí - Truyền thông
truyen-thong-quoc-te,Truyền thông quốc tế,Báo chí - Truyền thông
truyen-thong-so,Truyền thông số,Báo chí - Truyền thông
truyen-thong-so-va-ky-thuat-da-phuong-tien,Truyền thông số và Kỹ thuật đa phương tiện,Báo chí - Truyền thông
truyen-thong-so-va-thiet-ke-da-phuong-tien,Truyền thông số và thiết kế đa phương tiện,Báo chí - Truyền thông
truyen-thong-da-phuong-tien,Truyền thông đa phương tiện,Báo chí - Truyền thông
truyen-thong-da-phuong-tien-chuong-trinh-dao-tao-chat-luong-cao,Truyền thông đa phương tiện - Chương trình đào tạo chất lượng cao,Báo chí - Truyền thông
truyen-thong-da-phuong-tien-quan-he-cong-chung,Truyền thông đa phương tiện - Quan hệ công chúng,Báo chí - Truyền thông
truyen-thong-dai-chung,Truyền thông đại chúng,Báo chí - Truyền thông
van-hoa-hoc-van-hoa-truyen-thong,Văn hoá học - Văn hóa truyền thông,Báo chí - Truyền thông
van-hoa-truyen-thong-thuoc-nganh-van-hoa-hoc,Văn hóa Truyền thông thuộc ngành Văn hóa học,Báo chí - Truyền thông
van-hoa-hoc-nghien-cuu-truyen-thong,Văn hóa học - Nghiên cứu truyền thông,Báo chí - Truyền thông
van-hoa-hoc-chuyen-nganh-truyen-thong-van-hoa,"Văn hóa học, chuyên ngành Truyền thông Văn hóa",Báo chí - Truyền thông
van-hoa-truyen-thong,Văn hóa truyền thông,Báo chí - Truyền thông
van-hoa-va-truyen-thong-xuyen-quoc-gia,Văn hóa và truyền thông xuyên quốc gia,Báo chí - Truyền thông
xuat-ban-dien-tu,Xuất bản điện tử,Báo chí - Truyền thông
xa-hoi-hoc-truyen-thong-da-phuong-tien-quan-he-cong-chung,Xã hội học - Truyền thông đa phương tiện - Quan hệ công chúng,Báo chí - Truyền thông
dao-dien-dien-anh-truyen-hinh,Đạo diện điện ảnh - Truyền hình,Báo chí - Truyền thông
anh-bao-chi,Ảnh báo chí,Báo chí - Truyền thông
an-ninh-mang,An ninh mạng,Công nghệ thông tin
an-ninh-mang-va-phong-chong-toi-pham-cong-nghe-cao,An ninh mạng và phòng chống tội phạm công nghệ cao,Công nghệ thông tin
an-ninh-va-an-toan-thong-tin,An ninh và an toàn thông tin,Công nghệ thông tin
an-toan-du-lieu-va-an-ninh-mang,An toàn dữ liệu và an ninh mạng,Công nghệ thông tin
an-toan-khong-gian-mang,An toàn không gian mạng,Công nghệ thông tin
an-toan-khong-gian-so-cyber-security,An toàn không gian số - Cyber security,Công nghệ thông tin
an-toan-khong-gian-so,An toàn không gian số*,Công nghệ thông tin
an-toan-thong-tin,An toàn thông tin,Công nghệ thông tin
an-toan-thong-tin-chat-luong-cao,An toàn thông tin - Chất lượng cao,Công nghệ thông tin
cn-ky-thuat-may-tinh,CN kỹ thuật máy tính,Công nghệ thông tin
chuyen-nganh-cong-nghe-thong-tin-ung-dung,Chuyên ngành: Công nghệ thông tin ứng dụng,Công nghệ thông tin
chuyen-sau-cong-nghe-thong-tin,Chuyên sâu công nghệ thông tin,Công nghệ thông tin
chuong-trinh-khoa-hoc-may-tinh-va-du-lieu-trong-kinh-te-va-kinh-doanh,Chương trình Khoa học máy tính và dữ liệu trong kinh tế và kinh doanh,Công nghệ thông tin
chuong-trinh-dhnnqt-khoa-hoc-may-tinh-va-du-lieu-trong-kinh-te-va-kinh-doanh,Chương trình ĐHNNQT Khoa học máy tính và dữ liệu trong kinh tế và kinh doanh,Công nghệ thông tin
chat-luong-cao-he-thong-thong-tin-quan-ly,Chất lượng cao Hệ thống thông tin quản lý,Công nghệ thông tin
cong-nghe-phan-mem,Công nghệ Phần mềm,Công nghệ thông tin
cong-nghe-thong-tin-global-ict,Công nghệ Thông tin Global ICT,Công nghệ thông tin
cong-nghe-thong-tin-viet-phap,Công nghệ Thông tin Việt-Pháp,Công nghệ thông tin
cong-nghe-internet-van-vat,Công nghệ internet vạn vật,Công nghệ thông tin
cong-nghe-ky-thuat-robot-va-tri-tue-nhan-tao,Công nghệ kỹ thuật Robot và Trí tuệ nhân tạo,Công nghệ thông tin
cong-nghe-ky-thuat-may-tinh,Công nghệ kỹ thuật máy tính,Công nghệ thông tin
cong-nghe-ky-thuat-vi-mach-ban-dan,Công nghệ kỹ thuật vi mạch bán dẫn,Công nghệ thông tin
cong-nghe-ky-thuat-dien-tu-vien-thong-gom-03-chuyen-nganh-dien-tu-cong-nghiep-dien-tu-vien-thong-iot-va-tri-tue-nhan-ta0ung-dung,Công nghệ kỹ thuật điện tử - viễn thông gồm 03 chuyên ngành: Điện tử công nghiệp; Điện tử viễn thông; IOT và Trí tuệ nhân tạ0ứng dụng,Công nghệ thông tin
cong-nghe-ky-thuat-dien-tu-vien-thong-gom-03-chuyen-nganh-dien-tu-cong-nghiep-dien-tu-vien-thong-iot-va-tri-tue-nhan-tao-ung-dung,Công nghệ kỹ thuật điện tử - viễn thông gồm 03 chuyên ngành: Điện tử công nghiệp; Điện tử viễn thông; IOT và Trí tuệ nhân tạo ứng dụng,Công nghệ thông tin
cong-nghe-nhung-va-iot-chuyen-nganh-vi-mach-ban-dan-chuyen-nganh-he-thong-vien-thong,"Công nghệ nhúng và IoT, chuyên ngành vi mạch bán dẫn, chuyên ngành Hệ thống viễn thông)",Công nghệ thông tin
cong-nghe-phan-mem-va-tri-tue-nhan-tao,Công nghệ phần mềm và Trí tuệ nhân tạo,Công nghệ thông tin
cong-nghe-phan-mem-va-tri-tue-nhan-tao-quan-tri-he-thong-mang,Công nghệ phần mềm và trí tuệ nhân tạo; Quản trị hệ thống mạng),Công nghệ thông tin
cong-nghe-phan-mem-an-toan-thong-tin-tri-tue-nhan-tao,Công nghệ phần mềm; An toàn thông tin; Trí tuệ nhân tạo),Công nghệ thông tin
cong-nghe-thong-tin,Công nghệ thông tin,Công nghệ thông tin
cong-nghe-thong-tin-cttt,Công nghệ thông tin - CTTT,Công nghệ thông tin
cong-nghe-thong-tin-chuan-quoc-te,Công nghệ thông tin - Chuẩn quốc tế,Công nghệ thông tin
cong-nghe-thong-tin-chuong-trinh-du-bi-lien-ket-dai-hoc-la-trobe,Công nghệ thông tin - Chương trình dự bị liên kết Đại học La Trobe,Công nghệ thông tin
cong-nghe-thong-tin-chuong-trinh-hoc-hoan-toan-bang-tieng-anh,Công nghệ thông tin - Chương trình học hoàn toàn bằng tiếng Anh,Công nghệ thông tin
cong-nghe-thong-tin-chuong-trinh-lien-ket-dai-hoc-la-trobe,Công nghệ thông tin - Chương trình liên kết Đại học La Trobe,Công nghệ thông tin
cong-nghe-thong-tin-tt,Công nghệ thông tin - TT,Công nghệ thông tin
cong-nghe-thong-tin-hoc-tai-khu-hoa-an,Công nghệ thông tin - học tại khu Hòa An,Công nghệ thông tin
cong-nghe-thong-tin-chuong-trinh,Công nghệ thông tin Chương trình,Công nghệ thông tin
cong-nghe-thong-tin-viet-nhat,Công nghệ thông tin Việt - Nhật,Công nghệ thông tin
cong-nghe-thong-tin-chat-luong-cao,Công nghệ thông tin chất lượng cao,Công nghệ thông tin
cong-nghe-thong-tin-chat-luong-cao-gom-4-chuyen-nganh-cong-nghe-thong-tin-ky-thuat-phan-mem-khoa-hoc-may-tinh-he-thong-thong-tin,Công nghệ thông tin chất lượng cao gồm 4 chuyên ngành: Công nghệ thông tin; Kỹ thuật phần mềm; Khoa học máy tính; Hệ thống thông tin,Công nghệ thông tin
cong-nghe-thong-tin-gom-04-nganh-cong-nghe-thong-tin-ky-thuat-phan-mem-khoa-hoc-may-tinh-he-thong-thong-tin-va-02-chuyen-nganh-tri-tue-nhan-tao-khoa-hoc-du-lieu,Công nghệ thông tin gồm 04 ngành Công nghệ thông tin; Kỹ thuật phần mềm; Khoa học máy tính; Hệ thống thông tin; và 02 chuyên ngành: Trí tuệ nhân tạo; Khoa học dữ liệu,Công nghệ thông tin
cong-nghe-thong-tin-gom-04-nganh-va-01-chuyen-nganh-cong-nghe-thong-tin-ky-thuat-phan-mem-khoa-hoc-may-tinh-he-thong-thong-tin-chuyen-nganh-quan-ly-do-thi-thong-minh-va-ben-vung,Công nghệ thông tin gồm 04 ngành và 01 chuyên ngành: Công nghệ thông tin; Kỹ thuật phần mềm; Khoa học máy tính; Hệ thống thông tin; Chuyên ngành: Quản lý đô thị thông minh và bền vững,Công nghệ thông tin
cong-nghe-thong-tin-gom-04-nganh-va-02-chuyen-nganh-cong-nghe-thong-tin-ky-thuat-phan-mem-khoa-hoc-may-tinh-he-thong-thong-tin-va-chuyen-nganh-khoa-hoc-du-lieu-quan-ly-do-thi-thong-minh-va-ben-vung,Công nghệ thông tin gồm 04 ngành và 02 chuyên ngành: Công nghệ thông tin; kỹ thuật phần mềm; Khoa học máy tính; Hệ thống thông tin và chuyên ngành Khoa học dữ liệu; Quản lý đô thị thông minh và bền vừng,Công nghệ thông tin
cong-nghe-thong-tin-gom-04-nganh-cong-nghe-thong-tin-ky-thuat-phan-mem-khoa-hoc-may-tinh-he-thong-thong-tin,Công nghệ thông tin gồm 04 ngành: Công nghệ thông tin; Kỹ thuật phần mềm; Khoa học máy tính; Hệ thống thông tin,Công nghệ thông tin
cong-nghe-thong-tin-gom-05-nganh-va-01-chuyen-nganh-cong-nghe-thong-tin-ky-thuat-phan-mem-khoa-hoc-may-tinh-he-thong-thong-tin-khoa-hoc-du-lieu-va-chuyen-nganh-quan-ly-do-thi-thong-minh-va-ben-vung,Công nghệ thông tin gồm 05 ngành và 01 chuyên ngành: Công nghệ thông tin; Kỹ thuật phần mềm: Khoa học máy tính; Hệ thống thông tin; Khoa học dữ liệu và chuyên ngành Quản lý đô thị thông minh và bền vững,Công nghệ thông tin
cong-nghe-thong-tin-gom-5-nganh-va-1-chuyen-nganh-cong-nghe-thong-tin-ky-thuat-phan-mem-khoa-hoc-may-tinh-he-thong-thong-tin-khoa-hoc-du-lieu-va-chuyen-nganh-quan-ly-do-thi-thong-minh-va-ben-vung,Công nghệ thông tin gồm 5 ngành và 1 chuyên ngành: Công nghệ thông tin; Kỹ thuật phần mềm; Khoa học máy tính; Hệ thống thông tin; Khoa học dữ liệu và chuyên ngành Quản lý đô thị thông minh và bền vững,Công nghệ thông tin
cong-nghe-thong-tin-quoc-te,Công nghệ thông tin quốc tế,Công nghệ thông tin
cong-nghe-thong-tin-trong-diem,Công nghệ thông tin trọng điểm,Công nghệ thông tin
cong-nghe-thong-tin-va-ky-thuat-so,Công nghệ thông tin và Kỹ thuật số,Công nghệ thông tin
cong-nghe-thong-tin-va-chuyen-doi-so-ct-clc1,Công nghệ thông tin và chuyển đổi số - CT CLC1,Công nghệ thông tin
cong-nghe-thong-tin-va-du-lieu-tai-nguyen-moi-truong,Công nghệ thông tin và dữ liệu Tài nguyên môi trường,Công nghệ thông tin
cong-nghe-thong-tin-ung-dung,Công nghệ thông tin ứng dụng,Công nghệ thông tin
cong-nghe-thong-tin-clc,Công nghệ thông tin – CLC,Công nghệ thông tin
cong-nghe-thong-tin-dh-cong-nghe-thong-tin-va-quan-ly-ba-lan-uitm-cap-bang,Công nghệ thông tin – ĐH Công nghệ thông tin và quản lý Ba Lan - UITM cấp bằng,Công nghệ thông tin
cong-nghe-thong-tin-an-toan-thong-tin,Công nghệ thông tin/ An toàn thông tin,Công nghệ thông tin
cong-nghe-thong-tin-cong-nghe-da-phuong-tien,Công nghệ thông tin/ Công nghệ đa phương tiện,Công nghệ thông tin
cong-nghe-vi-mach-ban-dan,Công nghệ vi mạch bán dẫn,Công nghệ thông tin
cong-nghe-da-phuong-tien,Công nghệ đa phương tiện,Công nghệ thông tin
he-thong-nhung-thong-minh-va-iot,Hệ thống nhúng thông minh và IoT,Công nghệ thông tin
he-thong-nhung-va-iot,Hệ thống nhúng và IoT,Công nghệ thông tin
he-thong-thong-tin,Hệ thống thông tin,Công nghệ thông tin
he-thong-thong-tin-ql,Hệ thống thông tin QL,Công nghệ thông tin
he-thong-thong-tin-kinh-doanh,Hệ thống thông tin kinh doanh,Công nghệ thông tin
he-thong-thong-tin-quan-ly,Hệ thống thông tin quản lý,Công nghệ thông tin
he-thong-thong-tin-quan-ly-quan-tri,Hệ thống thông tin quản lý (Quản trị,Công nghệ thông tin
he-thong-thong-tin-quan-ly-chuong-trinh-he-thong-thong-tin-quan-ly,Hệ thống thông tin quản lý - Chương trình Hệ thống thông tin quản lý,Công nghệ thông tin
he-thong-thong-tin-quan-ly-chuong-trinh-tri-tue-nhan-tao-trong-kinh-doanh,Hệ thống thông tin quản lý - Chương trình Trí tuệ nhân tạo trong kinh doanh,Công nghệ thông tin
he-thong-thong-tin-quan-ly-chat-luong-cao,Hệ thống thông tin quản lý chất lượng cao,Công nghệ thông tin
he-thong-thong-tin-quan-ly-clc,Hệ thống thông tin quản lý – CLC,Công nghệ thông tin
he-thong-thong-tin-thuong-mai-dien-tu-thuoc-nganh-he-thong-thong-tin,Hệ thống thông tin thương mại điện tử thuộc ngành Hệ thống thông tin,Công nghệ thông tin
he-thong-thong-tin-thuong-mai-dien-tu,Hệ thống thông tin thương mại điện tử),Công nghệ thông tin
iot-va-tri-tue-nhan-tao-ung-dung,IOT và Trí tuệ nhân tạo ứng dụng,Công nghệ thông tin
internet-van-vat,Internet vạn vật,Công nghệ thông tin
khoa-hoc-ky-thuat-may-tinh-bcse,Khoa học & Kỹ thuật máy tính – BCSE,Công nghệ thông tin
khoa-hoc-may-tinh-chuong-trinh-du-hoc-tai-cho-lay-bang-my,Khoa học Máy tính - Chương trình Du học tại chỗ lấy bằng Mỹ,Công nghệ thông tin
khoa-hoc-may-tinh-dh-troy,Khoa học Máy tính - ĐH Troy,Công nghệ thông tin
khoa-hoc-may-tinh-co-cac-chuyen-nganh-khoa-hoc-may-tinh-ky-thuat-may-tinh,"Khoa học Máy tính có các chuyên ngành Khoa học máy tính, Kỹ thuật máy tính",Công nghệ thông tin
khoa-hoc-may-tinh-troy,Khoa học Máy tính-Troy,Công nghệ thông tin
khoa-hoc-du-lieu,Khoa học dữ liệu,Công nghệ thông tin
khoa-hoc-du-lieu-phan-tich-kinh-doanh,Khoa học dữ liệu & phân tích kinh doanh,Công nghệ thông tin
khoa-hoc-du-lieu-thong-ke,"Khoa học dữ liệu , Thống kê",Công nghệ thông tin
khoa-hoc-du-lieu-chuong-trinh-khoa-hoc-du-lieu,Khoa học dữ liệu - Chương trình Khoa học dữ liệu,Công nghệ thông tin
khoa-hoc-du-lieu-thuoc-nganh-khoa-hoc-may-tinh,Khoa học dữ liệu thuộc ngành Khoa học máy tính,Công nghệ thông tin
khoa-hoc-du-lieu-trong-kt-kd,Khoa học dữ liệu trong KT & KD,Công nghệ thông tin
khoa-hoc-du-lieu-trong-kinh-te-kinh-doanh,Khoa học dữ liệu trong Kinh tế & Kinh doanh,Công nghệ thông tin
khoa-hoc-du-lieu-trong-kinh-te-va-kinh-doanh,Khoa học dữ liệu trong kinh tế và kinh doanh,Công nghệ thông tin
khoa-hoc-du-lieu-trong-tai-chinh,Khoa học dữ liệu trong tài chính,Công nghệ thông tin
khoa-hoc-du-lieu-va-ai,Khoa học dữ liệu và AI),Công nghệ thông tin
khoa-hoc-du-lieu-va-tri-tue-nhan-tao,Khoa học dữ liệu và Trí tuệ nhân tạo,Công nghệ thông tin
khoa-hoc-du-lieu-va-phan-tich-kinh-doanh,Khoa học dữ liệu và phân tích kinh doanh,Công nghệ thông tin
khoa-hoc-du-lieu-va-thong-ke,Khoa học dữ liệu và thống kê,Công nghệ thông tin
khoa-hoc-du-lieu-clc,Khoa học dữ liệu – CLC,Công nghệ thông tin
khoa-hoc-may-tinh,Khoa học máy tính,Công nghệ thông tin
khoa-hoc-may-tinh-cong-nghe-thong-tin-chuong-trinh-lien-ket-dai-hoc-khoa-hoc-va-cong-nghe-lunghwa,Khoa học máy tính & Công nghệ thông tin - chương trình liên kết Đại học Khoa học và công nghệ Lunghwa,Công nghệ thông tin
khoa-hoc-may-tinh-chuong-trinh-du-bi-lien-ket-dai-hoc-ky-thuat-ostrava,Khoa học máy tính - Chương trình dự bị liên kết Đại học Kỹ thuật Ostrava,Công nghệ thông tin
khoa-hoc-may-tinh-chuong-trinh-du-bi-dai-hoc-bang-tieng-anh,Khoa học máy tính - Chương trình dự bị đại học bằng tiếng Anh,Công nghệ thông tin
khoa-hoc-may-tinh-chuong-trinh-hoc-tai-phan-hieu-khanh-hoa,Khoa học máy tính - Chương trình học tại Phân hiệu Khánh Hòa,Công nghệ thông tin
khoa-hoc-may-tinh-chuong-trinh-lien-ket-dai-hoc-ky-thuat-ostrava,Khoa học máy tính - Chương trình liên kết Đại học Kỹ thuật Ostrava,Công nghệ thông tin
khoa-hoc-may-tinh-chuong-trinh-tieu-chuan,Khoa học máy tính - Chương trình tiêu chuẩn,Công nghệ thông tin
khoa-hoc-may-tinh-chuong-trinh-dai-hoc-bang-tieng-anh,Khoa học máy tính - Chương trình đại học bằng tiếng Anh,Công nghệ thông tin
khoa-hoc-may-tinh-chat-luong-cao,Khoa học máy tính - Chất lượng cao,Công nghệ thông tin
khoa-hoc-may-tinh-chuong-trinh-clc,Khoa học máy tính - chương trình CLC,Công nghệ thông tin
khoa-hoc-may-tinh-clc,Khoa học máy tính CLC,Công nghệ thông tin
khoa-hoc-may-tinh-gom-cac-chuyen-nganh-tri-tue-nhan-tao-he-thong-du-lieu-lon-ky-thuat-phan-mem-mang-may-tinh-an-ninh-thong-tin,Khoa học máy tính gồm các chuyên ngành: - Trí tuệ nhân tạo - Hệ thống dữ liệu lớn - Kỹ thuật phần mềm - Mạng máy tính & An ninh thông tin,Công nghệ thông tin
khoa-hoc-may-tinh-va-thong-tin,Khoa học máy tính và thông tin,Công nghệ thông tin
khoa-hoc-va-ky-thuat-may-tinh,Khoa học và Kỹ thuật máy tính,Công nghệ thông tin
kinh-doanh-so-va-tri-tue-nhan-tao,Kinh doanh số và Trí tuệ nhân tạo),Công nghệ thông tin
kiem-toan-va-phan-tich-du-lieu,Kiểm toán và Phân tích dữ liệu),Công nghệ thông tin
ky-su-cong-nghe-thong-tin,Kỹ sư công nghệ thông tin,Công nghệ thông tin
ky-thuat-may-tinh,Kỹ thuật Máy tính,Công nghệ thông tin
ky-thuat-phan-mem-chuong-trinh-viet-nhat,Kỹ thuật Phần mềm - Chương trình Việt Nhật,Công nghệ thông tin
ky-thuat-phan-mem-co-cac-chuyen-nganh-cong-nghe-phan-mem-thiet-ke-games-va-multimedia,Kỹ thuật Phần mềm có các chuyên ngành Công nghệ Phần mềm; Thiết kế Games và Multimedia),Công nghệ thông tin
ky-thuat-xay-dung-cn-mo-hinh-thong-tin-va-tri-tue-nhan-tao-trong-xay-dung,Kỹ thuật Xây dựng - CN Mô hình thông tin và trí tuệ nhân tạo trong xây dựng,Công nghệ thông tin
ky-thuat-xay-dung-cn-tin-hoc-xay-dung,Kỹ thuật Xây dựng - CN Tin học xây dựng,Công nghệ thông tin
ky-thuat-xay-dung-cn-xay-dung-tin-hoc-xay-dung,Kỹ thuật Xây dựng - CN Xây dựng Tin học xây dựng,Công nghệ thông tin
ky-thuat-co-khi-cn-san-xuat-tu-dong-nganh-ky-thuat-dien-cn-tin-hoc-cong-nghiep-nganh-cong-nghe-thong-tin-cn-cong-nghe-phan-mem,"Kỹ thuật cơ khí, CN sản xuất tự động - Ngành Kỹ thuật điện, CN Tin học công nghiệp - Ngành Công nghệ thông tin, CN Công nghệ phần mềm",Công nghệ thông tin
ky-thuat-may-tinh-huong-he-thong-nhung-va-iot,Kỹ thuật máy tính (Hướng Hệ thống Nhúng và Iot,Công nghệ thông tin
ky-thuat-may-tinh-gom-02-chuyen-nganh-cong-nghe-ky-thuat-may-tinh-cong-nghe-ky-thuat-vi-mach,Kỹ thuật máy tính gồm 02 chuyên ngành: Công nghệ kỹ thuật máy tính; Công nghệ kỹ thuật vi mạch,Công nghệ thông tin
ky-thuat-may-tinh-gom-02-chuyen-nganh-cong-nghe-ky-thuat-may-tinh-ky-thuat-thiet-ke-vi-mach,Kỹ thuật máy tính gồm 02 chuyên ngành: Công nghệ kỹ thuật máy tính; Kỹ thuật thiết kế vi mạch,Công nghệ thông tin
ky-thuat-phan-mem,Kỹ thuật phần mềm,Công nghệ thông tin
ky-thuat-phan-mem-chuong-trinh-02-nam-dau-hoc-tai-bao-loc,Kỹ thuật phần mềm - Chương trình 02 năm đầu học tại Bảo Lộc,Công nghệ thông tin
ky-thuat-phan-mem-chuong-trinh-02-nam-dau-hoc-tai-nha-trang,Kỹ thuật phần mềm - Chương trình 02 năm đầu học tại Nha Trang,Công nghệ thông tin
ky-thuat-phan-mem-chuong-trinh-du-bi-dai-hoc-bang-tieng-anh,Kỹ thuật phần mềm - Chương trình dự bị đại học bằng tiếng Anh,Công nghệ thông tin
ky-thuat-phan-mem-chuong-trinh-hoc-tai-phan-hieu-khanh-hoa,Kỹ thuật phần mềm - Chương trình học tại phân hiệu Khánh Hòa,Công nghệ thông tin
ky-thuat-phan-mem-chuong-trinh-tieu-chuan,Kỹ thuật phần mềm - Chương trình tiêu chuẩn,Công nghệ thông tin
ky-thuat-phan-mem-chuong-trinh-dai-hoc-bang-tieng-anh,Kỹ thuật phần mềm - Chương trình đại học bằng tiếng Anh,Công nghệ thông tin
ky-thuat-phan-mem-chat-luong-cao,Kỹ thuật phần mềm - Chất lượng cao,Công nghệ thông tin
ky-thuat-phan-mem-chuong-trinh-clc,Kỹ thuật phần mềm - chương trình CLC,Công nghệ thông tin
ky-thuat-phan-mem-chuong-trinh-hoc-phan-hieu-khanh-hoa,Kỹ thuật phần mềm - chương trình học Phân hiệu Khánh Hòa,Công nghệ thông tin
ky-thuat-phan-mem-lien-ket-quoc-te-knu,Kỹ thuật phần mềm liên kết quốc tế - KNU,Công nghệ thông tin
ky-thuat-phan-mem-o-to,Kỹ thuật phần mềm ô tô,Công nghệ thông tin
ky-thuat-robot-va-tri-tue-nhan-tao,Kỹ thuật robot và trí tuệ nhân tạo),Công nghệ thông tin
ky-thuat-thiet-ke-vi-mach-ban-dan,Kỹ thuật thiết kế vi mạch bán dẫn),Công nghệ thông tin
ky-thuat-xay-dung-chuyen-tin-hoc-xay-dung,Kỹ thuật xây dựng/ Chuyên Tin học xây dựng,Công nghệ thông tin
ky-thuat-xay-dung-chuyen-nganh-tin-hoc-xay-dung,Kỹ thuật xây dựng/ Chuyên ngành Tin học xây dựng,Công nghệ thông tin
ky-thuat-xay-dung-co-08-chuyen-nganh-1-dia-ky-thuat-cong-trinh-va-ky-thuat-dia-moi-truong-2-ky-thuat-trac-dia-va-dia-tin-hoc-3-ket-cau-cong-trinh-4-cong-nghe-ky-thuat-xay-dung-5-ky-thuat-cong-trinh-thuy-6-ky-thuat-cong-trinh-nang-luong-7-ky-thuat-cong-trinh-bien-8-ky-thuat-co-so-ha-tang,Kỹ thuật xây dựng/ Có 08 chuyên ngành: 1) Địa Kỹ thuật công trình và Kỹ thuật địa môi trường; 2) Kỹ thuật Trắc địa và Địa tin học; 3) Kết cấu công trình; 4) Công nghệ kỹ thuật xây dựng; 5) Kỹ thuật Công trình thủy; 6) Kỹ thuật công trình năng lượng; 7) Kỹ thuật Công trình biển; 8) Kỹ thuật cơ sở hạ tầng.,Công nghệ thông tin
ky-thuat-xay-dung-tin-hoc-xay-dung,Kỹ thuật xây dựng/ Tin học xây dựng,Công nghệ thông tin
ky-thuat-dien-tu-vien-thong-chuyen-nganh-vi-dien-tu-thiet-ke-vi-mach,"Kỹ thuật điện tử - viễn thông, chuyên ngành vi điện tử - thiết kế vi mạch",Công nghệ thông tin
ky-thuat-dien-tu-vien-thong-thiet-ke-vi-mach,"Kỹ thuật điện tử -viễn thông, Thiết kế vi mạch",Công nghệ thông tin
ky-thuat-dien-tu-va-tin-hoc,Kỹ thuật điện tử và tin học,Công nghệ thông tin
may-tinh-va-cong-nghe-thong-tin,Máy tính và Công nghệ Thông tin,Công nghệ thông tin
mo-hinh-thong-tin-va-tri-tue-nhan-tao-trong-xay-dung,Mô hình thông tin và trí tuệ nhân tạo trong xây dựng,Công nghệ thông tin
mang-may-tinh-ttdl,Mạng máy tính & TTDL,Công nghệ thông tin
mang-may-tinh-an-toan-thong-tin,Mạng máy tính & an toàn thông tin,Công nghệ thông tin
mang-may-tinh-va-ttdl,Mạng máy tính và TTDL,Công nghệ thông tin
mang-va-an-toan-thong-tin,Mạng và An toàn thông tin,Công nghệ thông tin
phan-tich-du-lieu,Phân tích dữ liệu,Công nghệ thông tin
phan-tich-du-lieu-kinh-doanh,Phân tích dữ liệu kinh doanh,Công nghệ thông tin
phan-tich-du-lieu-kinh-te,Phân tích dữ liệu kinh tế,Công nghệ thông tin
quan-ly-phan-tich-du-lieu-khoa-hoc-trai-dat,Quản lý phân tích dữ liệu khoa học trái đất,Công nghệ thông tin
quan-ly-va-phan-tich-du-lieu-khoa-hoc,Quản lý và phân tích dữ liệu khoa học,Công nghệ thông tin
quan-tri-du-an-cong-nghe-thong-tin,Quản trị dự án Công nghệ thông tin,Công nghệ thông tin
quan-tri-he-thong-thong-tin,Quản trị hệ thống thông tin,Công nghệ thông tin
quan-tri-va-phan-tich-du-lieu,Quản trị và phân tích dữ liệu,Công nghệ thông tin
robot-tri-tue-nhan-tao,Robot & trí tuệ nhân tạo,Công nghệ thông tin
robot-va-tri-tue-nhan-tao,Robot và Trí tuệ nhân tạo,Công nghệ thông tin
robot-va-tri-tue-nhan-tao-ky-thuat-phan-mem-he-thong-thong-tin-mang-may-tinh-an-toan-thong-tin,Robot và Trí tuệ nhân tạo -Kỹ thuật phần mềm - Hệ thống thông tin - Mạng máy tính & An toàn thông tin,Công nghệ thông tin
sp-tin-hoc,SP Tin học,Công nghệ thông tin
sp-tin-hoc-va-cong-nghe-tieu-hoc,SP Tin học và Công nghệ Tiểu học,Công nghệ thông tin
thiet-ke-vi-mach-ban-dan,Thiết kế vi mạch bán dẫn),Công nghệ thông tin
thiet-ke-vi-mach-va-he-thong-nhung,Thiết kế vi mạch và hệ thống nhúng,Công nghệ thông tin
thiet-ke-vi-mach,Thiết kế vi mạch),Công nghệ thông tin
tin-hoc-cong-nghiep-va-tu-dong-hoa,Tin học công nghiệp và Tự động hóa,Công nghệ thông tin
tin-hoc-kinh-te,Tin học kinh tế,Công nghệ thông tin
tin-hoc-tai-chinh-ke-toan,Tin học tài chính kế toán,Công nghệ thông tin
tin-hoc-va-ky-thuat-may-tinh,Tin học và Kỹ thuật máy tính,Công nghệ thông tin
tin-hoc-xay-dung,Tin học xây dựng,Công nghệ thông tin
toan-tin-hoc-cong-nghe-thong-tin-khoa-hoc-may-tinh-cong-nghe-thong-tin-cong-nghe-thong-tin,Toán – Tin học ; Công nghệ thông tin ; Khoa học máy tính ; Công nghệ thông tin ; Công nghệ thông tin ),Công nghệ thông tin
toan-tin-hoc-thong-ke,Toán – Tin học ; Thống kê ),Công nghệ thông tin
tri-tue-nhan-tao,Trí tuệ Nhân tạo,Công nghệ thông tin
tri-tue-nhan-tao-khoa-hoc-du-lieu,Trí tuệ nhân tạo & khoa học dữ liệu,Công nghệ thông tin
tri-tue-nhan-tao-trong-tai-chinh-ke-toan,Trí tuệ nhân tạo trong tài chính kế toán,Công nghệ thông tin
tri-tue-nhan-tao-va-du-lieu-lon,Trí tuệ nhân tạo và Dữ liệu lớn,Công nghệ thông tin
tri-tue-nhan-tao-va-internet-van-vat,Trí tuệ nhân tạo và Internet vạn vật,Công nghệ thông tin
tri-tue-nhan-tao-va-giao-thong-thong-minh,Trí tuệ nhân tạo và giao thông thông minh,Công nghệ thông tin
tri-tue-nhan-tao-va-khoa-hoc-du-lieu,Trí tuệ nhân tạo và khoa học dữ liệu,Công nghệ thông tin
tai-nang-khoa-hoc-may-tinh,Tài năng khoa học máy tính,Công nghệ thông tin
tu-dong-hoa-va-tin-hoc,Tự động hóa và Tin học,Công nghệ thông tin
vi-mach-ban-dan,Vi mạch bán dẫn,Công nghệ thông tin
vi-dien-tu-thiet-ke-vi-mach,Vi điện tử - Thiết kế vi mạch,Công nghệ thông tin
vat-lieu-thong-minh-va-tri-tue-nhan-tao,Vật liệu thông minh và trí tuệ nhân tạo,Công nghệ thông tin
cua-nganh-cong-nghe-thong-tin,của ngành Công nghệ thông tin),Công nghệ thông tin
thuoc-nganh-cong-nghe-thong-tin,thuộc ngành Công nghệ thông tin),Công nghệ thông tin
dh-cong-nghe-thong-tin,ĐH Công nghệ thông tin,Công nghệ thông tin
dien-tu-vien-thong-va-tri-tue-nhan-tao,Điện tử viễn thông và Trí tuệ nhân tạo,Công nghệ thông tin
dien-tu-ung-dung-va-tri-tue-nhan-tao,Điện tử ứng dụng và Trí tuệ nhân tạo,Công nghệ thông tin
dia-tin-hoc,Địa tin học,Công nghệ thông tin
bien-phien-dich-thuoc-nganh-ngon-ngu-anh-chuyen-nganh-tieng-anh-du-lich-thuoc-nganh-ngon-ngu-anh,Biên - phiên dịch thuộc ngành Ngôn ngữ Anh chuyên ngành Tiếng Anh du lịch thuộc ngành Ngôn ngữ Anh,Du lịch - Khách sạn - Nhà hàng
ct-dhnnqt-quan-tri-khach-san,CT ĐHNNQT Quản trị khách sạn,Du lịch - Khách sạn - Nhà hàng
chuong-trinh-dhnnqt-quan-tri-khach-san,Chương trình ĐHNNQT Quản trị khách sạn,Du lịch - Khách sạn - Nhà hàng
di-san-va-phat-trien-du-lich,Di sản và phát triển du lịch,Du lịch - Khách sạn - Nhà hàng
du-lich,Du lịch,Du lịch - Khách sạn - Nhà hàng
du-lich-huong-da-du-lich-quoc-te,Du lịch - Hướng dẫ du lịch Quốc tế,Du lịch - Khách sạn - Nhà hàng
du-lich-huong-dan-du-lich-quoc-te,Du lịch - Hướng dẫn du lịch quốc tế,Du lịch - Khách sạn - Nhà hàng
du-lich-lu-hanh-huong-dan-du-lich,"Du lịch - Lữ hành, hướng dẫn du lịch",Du lịch - Khách sạn - Nhà hàng
du-lich-van-hoa-du-lich,Du lịch - Văn hóa du lịch,Du lịch - Khách sạn - Nhà hàng
du-lich-hoc-tai-khu-hoa-an,Du lịch - học tại khu Hòa An,Du lịch - Khách sạn - Nhà hàng
du-lich-hoc-tai-khu-soc-trang,Du lịch - học tại khu Sóc Trăng,Du lịch - Khách sạn - Nhà hàng
du-lich-sinh-thai,Du lịch sinh thái,Du lịch - Khách sạn - Nhà hàng
du-lich-va-quan-ly-du-lich,Du lịch và Quản lý du lịch),Du lịch - Khách sạn - Nhà hàng
du-lich-va-quan-ly-du-lich-chuong-trinh-du-bi-dai-hoc-bang-tieng-anh,Du lịch và Quản lý du lịch) - Chương trình dự bị đại học bằng tiếng Anh,Du lịch - Khách sạn - Nhà hàng
du-lich-va-quan-ly-du-lich-chuong-trinh-dai-hoc-bang-tieng-anh,Du lịch và Quản lý du lịch) - Chương trình đại học bằng tiếng Anh,Du lịch - Khách sạn - Nhà hàng
du-lich-va-quan-ly-du-lich-chat-luong-cao,Du lịch và Quản lý du lịch) - Chất lượng cao,Du lịch - Khách sạn - Nhà hàng
du-lich-va-dich-vu-hang-khong,Du lịch và dịch vụ hàng không,Du lịch - Khách sạn - Nhà hàng
du-lich-va-lu-hanh,Du lịch và lữ hành),Du lịch - Khách sạn - Nhà hàng
du-lich-va-lu-hanh-chuong-trinh-hoc-tai-phan-hieu-khanh-hoa,Du lịch và lữ hành) - Chương trình học tại Phân hiệu Khánh Hòa,Du lịch - Khách sạn - Nhà hàng
du-lich-van-hoa,Du lịch văn hóa,Du lịch - Khách sạn - Nhà hàng
du-lich-dien-tu,Du lịch điện tử,Du lịch - Khách sạn - Nhà hàng
du-lich-dia-chat,Du lịch địa chất,Du lịch - Khách sạn - Nhà hàng
huong-dan-du-lich-quoc-te,Hướng dẫn du lịch quốc tế,Du lịch - Khách sạn - Nhà hàng
huong-dan-du-lich,Hướng dẫn du lịch),Du lịch - Khách sạn - Nhà hàng
huong-dan-du-lich-chuong-trinh-hoc-tai-phan-hieu-khanh-hoa,Hướng dẫn du lịch) - Chương trình học tại Phân hiệu Khánh Hòa,Du lịch - Khách sạn - Nhà hàng
huong-dan-vien-du-lich,Hướng dẫn viên du lịch,Du lịch - Khách sạn - Nhà hàng
kinh-doanh-du-lich-so,Kinh doanh du lịch số,Du lịch - Khách sạn - Nhà hàng
kinh-te-du-lich-thuoc-nganh-kinh-te,Kinh tế du lịch thuộc ngành Kinh tể,Du lịch - Khách sạn - Nhà hàng
lu-hanh-va-du-lich,Lữ hành và du lịch,Du lịch - Khách sạn - Nhà hàng
lu-hanh-huong-dan-du-lich,"Lữ hành, hướng dẫn du lịch",Du lịch - Khách sạn - Nhà hàng
ngon-ngu-anh-bien-phien-dich-tieng-anh-kinh-doanh-tieng-anh-du-lich,Ngôn ngữ Anh - Biên - phiên dịch - Tiếng Anh kinh doanh - Tiếng Anh du lịch,Du lịch - Khách sạn - Nhà hàng
pohe-quan-tri-khach-san,POHE - Quản trị khách sạn,Du lịch - Khách sạn - Nhà hàng
pohe-quan-tri-lu-hanh,POHE - Quản trị lữ hành,Du lịch - Khách sạn - Nhà hàng
qt-dv-du-lich-lu-hanh,QT DV du lịch & lữ hành,Du lịch - Khách sạn - Nhà hàng
qtdv-du-lich-va-lu-hanh,QTDV du lịch và lữ hành,Du lịch - Khách sạn - Nhà hàng
quan-ly-di-san-van-hoa-va-phat-trien-du-lich-thuoc-nganh-quan-li-van-hoa,Quản lý di sản văn hóa và phát triển du lịch thuộc ngành Quản lí văn hóa),Du lịch - Khách sạn - Nhà hàng
quan-ly-di-san-van-hoa-va-phat-trien-du-lich-thuoc-nganh-quan-ly-van-hoa,Quản lý di sản văn hóa và phát triển du lịch thuộc ngành Quản lý văn hóa,Du lịch - Khách sạn - Nhà hàng
quan-ly-di-san-van-hoa-va-phat-trien-du-lich,Quản lý di sản văn hóa và phát triển du lịch),Du lịch - Khách sạn - Nhà hàng
quan-ly-du-lich-quoc-te,Quản lý du lịch quốc tế,Du lịch - Khách sạn - Nhà hàng
quan-ly-du-lich,Quản lý du lịch),Du lịch - Khách sạn - Nhà hàng
quan-ly-dich-vu-du-lich-va-lu-hanh,Quản lý dịch vụ du lịch và lữ hành,Du lịch - Khách sạn - Nhà hàng
quan-ly-nha-hang-va-khach-san,Quản lý nhà hàng và khách sạn,Du lịch - Khách sạn - Nhà hàng
quan-ly-va-phat-trien-du-lich,Quản lý và phát triển du lịch,Du lịch - Khách sạn - Nhà hàng
quan-ly-van-hoa-chuyen-nganh-quan-ly-di-san-van-hoa-va-phat-trien-du-lich,"Quản lý văn hóa, chuyên ngành Quản lý di sản văn hóa và phát triển du lịch",Du lịch - Khách sạn - Nhà hàng
quan-ly-van-hoa-chuyen-nganh-to-chuc-su-kien-van-hoa-the-thao-du-lich,"Quản lý văn hóa, chuyên ngành Tổ chức sự kiện văn hóa, thể thao, du lịch",Du lịch - Khách sạn - Nhà hàng
quan-ly-van-hoa-gom-cac-chuyen-nganh-quan-ly-van-hoa-du-lich-to-chuc-su-kien,"Quản lý văn hóa, gồm các chuyên ngành: – Quản lý văn hóa du lịch – Tổ chức sự kiện",Du lịch - Khách sạn - Nhà hàng
quan-tri-dich-vu-du-lich-va-lu-hanh-tt,Quản tri dịch vụ du lịch và lữ hành - TT,Du lịch - Khách sạn - Nhà hàng
quan-tri-dv-dl-va-lu-hanh,Quản trị DV DL và lữ hành,Du lịch - Khách sạn - Nhà hàng
quan-tri-dv-du-lich-va-lu-hanh,Quản trị DV du lịch và lữ hành,Du lịch - Khách sạn - Nhà hàng
quan-tri-du-lich-khach-san,Quản trị Du lịch & Khách sạn,Du lịch - Khách sạn - Nhà hàng
quan-tri-du-lich-va-khach-san-quoc-te,Quản trị Du lịch và Khách sạn quốc tế,Du lịch - Khách sạn - Nhà hàng
quan-tri-khach-san-chuong-trinh-du-hoc-tai-cho-lay-bang-my,Quản trị Khách sạn - Chương trình du học tại chỗ lấy bằng Mỹ,Du lịch - Khách sạn - Nhà hàng
quan-tri-nha-hang-dich-vu-an-uong,Quản trị Nhà hàng & Dịch vụ Ăn uống,Du lịch - Khách sạn - Nhà hàng
quan-tri-nha-hang-va-dv-an-uong,Quản trị Nhà hàng và DV Ăn uống,Du lịch - Khách sạn - Nhà hàng
quan-tri-doanh-nghiep-quan-tri-kinh-doanh-du-lich,Quản trị doanh nghiệp; Quản trị kinh doanh du lịch,Du lịch - Khách sạn - Nhà hàng
quan-tri-du-lich,Quản trị du lịch,Du lịch - Khách sạn - Nhà hàng
quan-tri-du-lich-cong-dong,Quản trị du lịch cộng đồng,Du lịch - Khách sạn - Nhà hàng
quan-tri-du-lich-va-khach-san,Quản trị du lịch và khách sạn,Du lịch - Khách sạn - Nhà hàng
quan-tri-du-lich-va-khach-san-chat-luong-cao,Quản trị du lịch và khách sạn chất lượng cao,Du lịch - Khách sạn - Nhà hàng
quan-tri-du-lich-va-lu-hanh,Quản trị du lịch và lữ hành),Du lịch - Khách sạn - Nhà hàng
quan-tri-dich-vu-di-lich-va-lu-hanh,Quản trị dịch vụ di lịch và lữ hành,Du lịch - Khách sạn - Nhà hàng
quan-tri-dich-vu-du-lich-lu-hanh,Quản trị dịch vụ du lịch - Lữ hành,Du lịch - Khách sạn - Nhà hàng
quan-tri-dich-vu-du-lich-va-1u-hanh,Quản trị dịch vụ du lịch và 1ữ hành,Du lịch - Khách sạn - Nhà hàng
quan-tri-dich-vu-du-lich-va-lu-hang,Quản trị dịch vụ du lịch và lữ hàng,Du lịch - Khách sạn - Nhà hàng
quan-tri-dich-vu-du-lich-va-lu-hanh,Quản trị dịch vụ du lịch và lữ hành,Du lịch - Khách sạn - Nhà hàng
quan-tri-dich-vu-du-lich-va-lu-hanh-ngon-ngu-anh,Quản trị dịch vụ du lịch và lữ hành & Ngôn ngữ Anh,Du lịch - Khách sạn - Nhà hàng
quan-tri-dich-vu-du-lich-va-lu-hanh-cttt,Quản trị dịch vụ du lịch và lữ hành - CTTT,Du lịch - Khách sạn - Nhà hàng
quan-tri-dich-vu-du-lich-va-lu-hanh-chuong-trinh-quan-tri-dich-vu-du-lich-va-lu-hanh,Quản trị dịch vụ du lịch và lữ hành - Chương trình Quản trị dịch vụ du lịch và lữ hành,Du lịch - Khách sạn - Nhà hàng
quan-tri-dich-vu-du-lich-va-lu-hanh-chuong-trinh-quan-tri-kinh-doanh-du-lich,Quản trị dịch vụ du lịch và lữ hành - Chương trình Quản trị kinh doanh du lịch,Du lịch - Khách sạn - Nhà hàng
quan-tri-dich-vu-du-lich-va-lu-hanh-chat-luong-cao,Quản trị dịch vụ du lịch và lữ hành - Chất lượng cao,Du lịch - Khách sạn - Nhà hàng
quan-tri-dich-vu-du-lich-va-lu-hanh-quan-tri-du-lich-cong-dong,Quản trị dịch vụ du lịch và lữ hành - Quản trị du lịch cộng đồng,Du lịch - Khách sạn - Nhà hàng
quan-tri-dich-vu-du-lich-va-lu-hanh-clc,Quản trị dịch vụ du lịch và lữ hành -CLC,Du lịch - Khách sạn - Nhà hàng
quan-tri-dich-vu-du-lich-va-lu-hanh-gom-03-chuyen-nganh-quan-tri-dich-vu-du-lich-va-lu-hanh-quan-tri-khach-san-quan-tri-nha-hang-va-dich-vu-an-uong,Quản trị dịch vụ du lịch và lữ hành gồm 03 chuyên ngành: - Quản trị dịch vụ du lịch và lữ hành; - Quản trị khách sạn; - Quản trị nhà hàng và dịch vụ ăn uống,Du lịch - Khách sạn - Nhà hàng
quan-tri-dich-vu-du-lich-va-lu-hanh-gom-3-chuyen-nganh-quan-tri-dich-vu-du-lich-va-lu-hanh-quan-tri-khach-san-quan-tri-nha-hang-va-dich-vu-an-uong,Quản trị dịch vụ du lịch và lữ hành gồm 3 chuyên ngành: Quản trị dịch vụ du lịch và lữ hành; Quản trị khách sạn; Quản trị nhà hàng và dịch vụ ăn uống,Du lịch - Khách sạn - Nhà hàng
quan-tri-dich-vu-du-lich-va-lu-hanh-gom-3-nganh-quan-tri-dich-vu-du-lich-va-lu-hanh-quan-tri-khach-san-quan-tri-nha-hang-va-dich-vu-an-uong,Quản trị dịch vụ du lịch và lữ hành gồm 3 ngành: Quản trị dịch vụ du lịch và lữ hành; Quản trị khách sạn; Quản trị nhà hàng và dịch vụ ăn uống,Du lịch - Khách sạn - Nhà hàng
quan-tri-dich-vu-du-lich-va-lu-hanh-so,Quản trị dịch vụ du lịch và lữ hành số),Du lịch - Khách sạn - Nhà hàng
quan-tri-dich-vu-du-lich-va-lu-hanh-chuyen-nganh-huong-dan-du-lich,"Quản trị dịch vụ du lịch và lữ hành, chuyên ngành Hướng dẫn du lịch",Du lịch - Khách sạn - Nhà hàng
quan-tri-dich-vu-du-lich-va-lu-hanh-chuyen-nganh-quan-tri-lu-hanh,"Quản trị dịch vụ du lịch và lữ hành, chuyên ngành Quản trị lữ hành",Du lịch - Khách sạn - Nhà hàng
quan-tri-dich-vu-khach-hang-va-cham-soc-suc-khoe,Quản trị dịch vụ khách hàng và Chăm sóc sức khỏe,Du lịch - Khách sạn - Nhà hàng
quan-tri-dich-vu-thuong-mai-hang-khong,Quản trị dịch vụ thương mại hàng không,Du lịch - Khách sạn - Nhà hàng
quan-tri-khach-san,Quản trị khách sạn,Du lịch - Khách sạn - Nhà hàng
quan-tri-khach-san-ngon-ngu-anh,Quản trị khách sạn & Ngôn ngữ Anh,Du lịch - Khách sạn - Nhà hàng
quan-tri-khach-san-chuan-quoc-te,Quản trị khách sạn - Chuẩn quốc tế,Du lịch - Khách sạn - Nhà hàng
quan-tri-khach-san-chuong-trinh-quan-tri-khach-san,Quản trị khách sạn - Chương trình Quản trị khách sạn,Du lịch - Khách sạn - Nhà hàng
quan-tri-khach-san-gom-chuyen-nganh-quan-tri-nha-hang-khach-san,Quản trị khách sạn gồm chuyên ngành: - Quản trị nhà hàng - khách sạn,Du lịch - Khách sạn - Nhà hàng
quan-tri-khach-san-nha-hang,Quản trị khách sạn nhà hàng,Du lịch - Khách sạn - Nhà hàng
quan-tri-khach-san-quoc-te,Quản trị khách sạn quốc tế,Du lịch - Khách sạn - Nhà hàng
quan-tri-khach-san-va-resort,Quản trị khách sạn và Resort,Du lịch - Khách sạn - Nhà hàng
quan-tri-khach-san-va-khu-nghi-duong-cao-cap,Quản trị khách sạn và khu nghỉ dưỡng cao cấp,Du lịch - Khách sạn - Nhà hàng
quan-tri-khach-san-chuong-trinh-elite,Quản trị khách sạn – Chương trình Elite,Du lịch - Khách sạn - Nhà hàng
quan-tri-kinh-doanh-kinh-doanh-quoc-te-quan-tri-khach-san-marketing,Quản trị kinh doanh - Kinh doanh quốc tế - Quản trị khách sạn - Marketing,Du lịch - Khách sạn - Nhà hàng
quan-tri-kinh-doanh-quan-tri-kinh-doanh-du-lich-quan-tri-kinh-doanh-so-quan-tri-kinh-doanh-ung-dung,Quản trị kinh doanh - Quản trị kinh doanh du lịch - Quản trị kinh doanh số - Quản trị kinh doanh ứng dụng,Du lịch - Khách sạn - Nhà hàng
quan-tri-kinh-doanh-nganh-kinh-doanh-quoc-te-nganh-quan-tri-khach-san-nganh-marketing,Quản trị kinh doanh Ngành Kinh doanh quốc tế Ngành quản trị khách sạn Ngành Marketing,Du lịch - Khách sạn - Nhà hàng
quan-tri-kinh-doanh-du-lich,Quản trị kinh doanh du lịch,Du lịch - Khách sạn - Nhà hàng
quan-tri-kinh-doanh-gom-cac-chuyen-nganh-quan-tri-kinh-doanh-thuong-mai-quoc-te-quan-tri-du-lich-kinh-te-doi-ngoai-marketing-so-kinh-doanh-so,Quản trị kinh doanh gồm các chuyên ngành: - Quản trị kinh doanh - Thương mại quốc tế - Quản trị du lịch - Kinh tế đối ngoại - Marketing số - Kinh doanh số,Du lịch - Khách sạn - Nhà hàng
quan-tri-kinh-doanh-khach-san-va-du-lich,Quản trị kinh doanh khách sạn và du lịch,Du lịch - Khách sạn - Nhà hàng
quan-tri-kinh-doanh-va-du-lich,Quản trị kinh doanh và du lịch,Du lịch - Khách sạn - Nhà hàng
quan-tri-kinh-doanh-kinh-doanh-quoc-te-quan-tri-khach-san,"Quản trị kinh doanh, Kinh doanh quốc tế, Quản trị khách sạn",Du lịch - Khách sạn - Nhà hàng
quan-tri-kinh-doanh-thuong-mai-va-du-lich,"Quản trị kinh doanh, Thương mại và Du lịch",Du lịch - Khách sạn - Nhà hàng
quan-tri-lu-hanh,Quản trị lữ hành,Du lịch - Khách sạn - Nhà hàng
quan-tri-lu-hanh-va-quan-tri-khach-san,Quản trị lữ hành và Quản trị khách sạn),Du lịch - Khách sạn - Nhà hàng
quan-tri-lu-hanh-khach-san,"Quản trị lữ hành, khách sạn",Du lịch - Khách sạn - Nhà hàng
quan-tri-nha-hang-dich-vu-an-uong-chuong-trinh-elite,Quản trị nhà hàng & Dịch vụ ăn uống -Chương trình Elite,Du lịch - Khách sạn - Nhà hàng
quan-tri-nha-hang-khach-san-chuong-trinh-du-bi-lien-ket-dai-hoc-taylor-s,Quản trị nhà hàng - khách sạn - Chương trình dự bị liên kết Đại học Taylor’s,Du lịch - Khách sạn - Nhà hàng
quan-tri-nha-hang-khach-san-chuong-trinh-lien-ket-dai-hoc-taylor-s,Quản trị nhà hàng - khách sạn - Chương trình liên kết Đại học Taylor’s,Du lịch - Khách sạn - Nhà hàng
quan-tri-nha-hang-khach-san,Quản trị nhà hàng - khách sạn),Du lịch - Khách sạn - Nhà hàng
quan-tri-nha-hang-khach-san-chuong-trinh-du-bi-dai-hoc-bang-tieng-anh,Quản trị nhà hàng - khách sạn) - Chương trình dự bị đại học bằng tiếng Anh,Du lịch - Khách sạn - Nhà hàng
quan-tri-nha-hang-khach-san-chuong-trinh-hoc-tai-phan-hieu-khanh-hoa,Quản trị nhà hàng - khách sạn) - Chương trình học tại Phân hiệu Khánh Hòa,Du lịch - Khách sạn - Nhà hàng
quan-tri-nha-hang-khach-san-chuong-trinh-dai-hoc-bang-tieng-anh,Quản trị nhà hàng - khách sạn) - Chương trình đại học bằng tiếng Anh,Du lịch - Khách sạn - Nhà hàng
quan-tri-nha-hang-khach-san-chat-luong-cao,Quản trị nhà hàng - khách sạn) - Chất lượng cao,Du lịch - Khách sạn - Nhà hàng
quan-tri-nha-hang-va-dich-vi-an-uong,Quản trị nhà hàng và dịch vị ăn uống,Du lịch - Khách sạn - Nhà hàng
quan-tri-nha-hang-va-dich-vu-an-uong,Quản trị nhà hàng và dịch vụ ăn uống,Du lịch - Khách sạn - Nhà hàng
tai-nguyen-va-du-lich-sinh-thai,Tài nguyên và Du lịch sinh thái,Du lịch - Khách sạn - Nhà hàng
to-chuc-su-kien-van-hoa-the-thao-du-lich,"Tổ chức sự kiện văn hóa, thể thao, du lịch",Du lịch - Khách sạn - Nhà hàng
van-hoa-cac-dtts-viet-nam-to-chuc-va-quan-ly-du-lich-vung-dtts,Văn hoá các DTTS Việt Nam - Tổ chức và quản lý du lịch vùng DTTS,Du lịch - Khách sạn - Nhà hàng
van-hoa-du-lich-thuoc-nganh-van-hoa-hoc,Văn hóa Du lịch thuộc ngành Văn hóa học,Du lịch - Khách sạn - Nhà hàng
van-hoa-cac-stts-viet-nam-to-chuc-va-qua-ly-du-lich-vung-dtts,Văn hóa các STTS Việt Nam - Tổ chức và quả lý du lịch vùng DTTS,Du lịch - Khách sạn - Nhà hàng
van-hoa-du-lich,Văn hóa du lịch,Du lịch - Khách sạn - Nhà hàng
van-hoa-du-lich-thuoc-nganh-van-hoa-hoc-chuyen-nganh-van-hoa-truyen-thong-thuoc-nganh-van-hoa-hoc,Văn hóa du lịch thuộc ngành Văn hóa học chuyên ngành Văn hóa truyền thông thuộc ngành văn hóa học,Du lịch - Khách sạn - Nhà hàng
dh-du-lich,ĐH Du lịch,Du lịch - Khách sạn - Nhà hàng
dia-ly-du-lich,Địa lý du lịch),Du lịch - Khách sạn - Nhà hàng
chuyen-nganh-thu-vien-thiet-bi-truong-hoc,Chuyên ngành: Thư viện - Thiết bị trường học,Khoa học XH & Nhân văn
chuyen-nganh-van-thu-luu-tru,Chuyên ngành: Văn thư - Lưu trữ,Khoa học XH & Nhân văn
chinh-sach-cong-thuoc-nganh-chinh-tri-hoc,Chính sách công thuộc ngành Chính trị học,Khoa học XH & Nhân văn
chinh-tri-hoc,Chính trị học,Khoa học XH & Nhân văn
cong-nghiep-van-hoa,Công nghiệp Văn hóa,Khoa học XH & Nhân văn
cong-tac-thanh-thieu-nien,Công tác Thanh thiếu niên,Khoa học XH & Nhân văn
cong-tac-thanh-thieu-nien-dao-tao-tai-tphcm,Công tác Thanh thiếu niên - Đào tạo tại TPHCM,Khoa học XH & Nhân văn
cong-tac-tu-tuong-van-hoa,Công tác tư tưởng - văn hóa,Khoa học XH & Nhân văn
cong-tac-xa-hoi,Công tác xã hội,Khoa học XH & Nhân văn
cong-tac-xa-hoi-chuong-trinh-tieu-chuan,Công tác xã hội - Chương trình tiêu chuẩn,Khoa học XH & Nhân văn
ly-luan-lich-su-va-phe-binh-my-thuat,"Lý luận, lịch sử và phê bình mỹ thuật",Khoa học XH & Nhân văn
luu-tru-hoc,Lưu trữ học,Khoa học XH & Nhân văn
lich-su,Lịch sử,Khoa học XH & Nhân văn
lich-su-dang-cong-san-viet-nam,Lịch sử Đảng Cộng sản Việt Nam,Khoa học XH & Nhân văn
nghien-cuu-van-hoa,Nghiên cứu văn hóa,Khoa học XH & Nhân văn
nhan-hoc,Nhân học,Khoa học XH & Nhân văn
phat-trien-cong-nghiep-van-hoa,Phát triển công nghiệp văn hóa,Khoa học XH & Nhân văn
qlvh-chinh-sach-van-hoa-quan-ly-nghe-thuat,QLVH - Chính sách văn hóa quản lý nghệ thuật,Khoa học XH & Nhân văn
qlvh-quan-ly-di-san-van-hoa,QLVH - Quản lý di sản văn hóa,Khoa học XH & Nhân văn
qlvh-to-chuc-su-kien-van-hoa,QLVH - Tổ chức sự kiện văn hóa,Khoa học XH & Nhân văn
quan-ly-nha-nuoc,Quản lý Nhà nước,Khoa học XH & Nhân văn
quan-ly-di-san-van-hoa,Quản lý di sản văn hóa,Khoa học XH & Nhân văn
quan-ly-hoat-dong-tu-tuong-van-hoa,Quản lý hoạt động tư tưởng - văn hóa,Khoa học XH & Nhân văn
quan-ly-hoat-dong-van-hoa-xa-hoi,Quản lý hoạt động văn hóa xã hội,Khoa học XH & Nhân văn
quan-ly-hanh-chinh-nha-nuoc,Quản lý hành chính nhà nước,Khoa học XH & Nhân văn
quan-ly-nha-nuoc-chuong-trinh-quan-ly-nha-nuoc,Quản lý nhà nước - Chương trình Quản lý nhà nước,Khoa học XH & Nhân văn
quan-ly-van-hoa-chinh-sach-van-hoa-va-quan-ly-nghe-thuat,Quản lý văn hoá - Chính sách văn hóa và quản lý nghệ thuật,Khoa học XH & Nhân văn
quan-ly-van-hoa-quan-ly-di-san-van-hoa,Quản lý văn hoá - Quản lý di sản văn hóa,Khoa học XH & Nhân văn
quan-ly-van-hoa-quan-ly-nha-nuoc-ve-gia-dinh,Quản lý văn hoá - Quản lý nhà nước về gia đình,Khoa học XH & Nhân văn
quan-ly-van-hoa-to-chuc-su-kien,Quản lý văn hoá - Tổ chức sự kiện,Khoa học XH & Nhân văn
quan-ly-van-hoa-to-chuc-su-kien-van-hoa,Quản lý văn hoá -Tổ chức sự kiện văn hóa,Khoa học XH & Nhân văn
quan-ly-van-hoa,Quản lý văn hóa,Khoa học XH & Nhân văn
quan-ly-van-hoa-chuyen-nganh-quan-ly-hoat-dong-van-hoa-xa-hoi,"Quản lý văn hóa, chuyên ngành Quản lý hoạt động văn hóa xã hội",Khoa học XH & Nhân văn
quan-ly-van-hoa-chuyen-nganh-to-chuc-dan-dung-chuong-trinh-van-hoa-nghe-thuat,"Quản lý văn hóa, chuyên ngành Tổ chức, dàn dựng chương trình văn hóa nghệ thuật",Khoa học XH & Nhân văn
quan-tri-thong-tin-thuoc-nganh-thong-tin-thu-vien,Quản trị thông tin thuộc ngành thông tin - thư viện,Khoa học XH & Nhân văn
quan-tri-thu-vien,Quản trị thư viện,Khoa học XH & Nhân văn
sp-lich-su,SP Lịch sử,Khoa học XH & Nhân văn
sp-dia-ly,SP Địa lý,Khoa học XH & Nhân văn
tham-van-tri-lieu-va-tam-ly-ung-dung-trong-hon-nhan-gia-dinh,Tham vấn - Trị liệu và Tâm lý ứng dụng trong hôn nhân - gia đình),Khoa học XH & Nhân văn
thong-tin-thu-vien,Thông tin - Thư viện,Khoa học XH & Nhân văn
thong-tin-thu-vien-quan-tri-thu-vien,Thông tin - Thư viện - Quản trị thư viện,Khoa học XH & Nhân văn
thong-tin-thu-vien-thu-vien-va-thiet-bi-truong-hoc,Thông tin - Thư viện - Thư viện và thiết bị trường học,Khoa học XH & Nhân văn
thu-vien-thiet-bi-truong-hoc-va-van-thu,Thư viện - Thiết bị trường học và Văn thư,Khoa học XH & Nhân văn
thu-vien-va-thiet-bi-truong-hoc,Thư viện và thiết bị trường học,Khoa học XH & Nhân văn
thuy-van-hoc,Thủy văn học,Khoa học XH & Nhân văn
tieng-viet-van-hoa-viet-nam,Tiếng Việt & Văn hóa Việt Nam,Khoa học XH & Nhân văn
tieng-viet-va-van-hoa-viet-nam,Tiếng Việt và văn hóa Việt Nam,Khoa học XH & Nhân văn
triet-hoc,Triết học,Khoa học XH & Nhân văn
ton-giao-hoc,Tôn giáo học,Khoa học XH & Nhân văn
to-chuc-su-kien-van-hoa,Tổ chức sự kiện văn hóa,Khoa học XH & Nhân văn
viet-nam-hoc,Việt Nam học,Khoa học XH & Nhân văn
viet-nam-hoc-chuong-trinh-02-nam-dau-hoc-tai-bao-loc,Việt Nam học - Chương trình 02 năm đầu học tại Bảo Lộc,Khoa học XH & Nhân văn
viet-nam-hoc-chuong-trinh-hoc-tai-phan-hieu-khanh-hoa,Việt Nam học - Chương trình học tại phân hiệu Khánh Hòa,Khoa học XH & Nhân văn
viet-nam-hoc-chuong-trinh-tieu-chuan,Việt Nam học - Chương trình tiêu chuẩn,Khoa học XH & Nhân văn
viet-nam-hoc-chuong-trinh-dai-hoc-bang-tieng-anh,Việt Nam học - Chương trình đại học bằng tiếng Anh,Khoa học XH & Nhân văn
viet-nam-hoc-chat-luong-cao,Việt Nam học - Chất lượng cao,Khoa học XH & Nhân văn
viet-nam-hoc-chuong-trinh-clc,Việt Nam học - chương trình CLC,Khoa học XH & Nhân văn
viet-nam-hoc-chuong-trinh-hoc-phan-hieu-khanh-hoa,Việt Nam học - chương trình học Phân hiệu Khánh Hòa,Khoa học XH & Nhân văn
viet-nam-hoc-chuong-trinh-02-nam-dau-tai-nha-trang,Việt Nam học -Chương trình 02 năm đầu tại Nha Trang,Khoa học XH & Nhân văn
van-hoa-hoc-van-hoa-doi-ngoai,Văn hoá học - Văn hóa đối ngoại,Khoa học XH & Nhân văn
van-hoa-hoc-nghien-cuu-van-hoa,Văn hoá học -Nghiên cứu văn hóa,Khoa học XH & Nhân văn
van-hoa-viet-nam,Văn hóa Việt Nam,Khoa học XH & Nhân văn
van-hoa-cac-dtts-viet-nam-to-chuc-va-quan-ly-van-hoa-vung-dtts,Văn hóa các DTTS Việt Nam - Tổ chức và quản lý văn hóa vùng DTTS,Khoa học XH & Nhân văn
van-hoa-cac-dan-toc-thieu-so-viet-nam,Văn hóa các dân tộc thiểu số Việt Nam,Khoa học XH & Nhân văn
van-hoa-hoc,Văn hóa học,Khoa học XH & Nhân văn
van-hoa-hoc-chuyen-nganh-cong-nghiep-van-hoa,"Văn hóa học, chuyên ngành Công nghiệp Văn hóa",Khoa học XH & Nhân văn
van-hoa-hoc-chuyen-nganh-van-hoa-viet-nam,"Văn hóa học, chuyên ngành Văn hóa Việt Nam",Khoa học XH & Nhân văn
van-hoa-phat-trien,Văn hóa phát triển,Khoa học XH & Nhân văn
van-hoa-doi-ngoai,Văn hóa đối ngoại,Khoa học XH & Nhân văn
van-hoc,Văn học,Khoa học XH & Nhân văn
van-thu-luu-tru-thuoc-nganh-luu-tru-hoc,Văn thư - Lưu trữ thuộc ngành Lưu trữ học,Khoa học XH & Nhân văn
van-thu-luu-tru,Văn thư - Lưu trữ),Khoa học XH & Nhân văn
xa-hoi-hoc,Xã hội học,Khoa học XH & Nhân văn
xa-hoi-hoc-chuong-trinh-tieu-chuan,Xã hội học - Chương trình tiêu chuẩn,Khoa học XH & Nhân văn
dh-viet-nam-hoc,ĐH Việt Nam học,Khoa học XH & Nhân văn
dia-ly-tu-nhien,Địa lý tự nhiên,Khoa học XH & Nhân văn
ouan-ly-van-hoa,Ọuản lý văn hóa,Khoa học XH & Nhân văn
7220201,7220201,Khác
7340101,7340101,Khác
7340102,7340102,Khác
7340120,7340120,Khác
7340201,7340201,Khác
7380101,7380101,Khác
7380109,7380109,Khác
7720101,7720101,Khác
7720115,7720115,Khác
7720201,7720201,Khác
7720301,7720301,Khác
7720501,7720501,Khác
bao-in,Báo in,Khác
ct-tt-i-hons,CT TT i-Hons,Khác
ctdt,CTĐT,Khác
chinh-sach-cong,Chính sách công,Khác
chinh-tri-phat-trien,Chính trị phát triển,Khác
chuong-trinh-cu-nhan-quoc-te-mekong,Chương trình Cử nhân quốc tế Mekong,Khác
chuong-trinh-ky-su-chat-luong-cao-viet-phap,Chương trình Kỹ sư chất lượng cao Việt - Pháp,Khác
chuong-trinh-tien-tien-viet-my-nghanh-he-thong-nhung,Chương trình tiên tiến Việt - Mỹ nghành hệ thống nhúng,Khác
chuong-trinh-tien-tien-i-hons,Chương trình tiên tiến i-Hons,Khác
chuong-trinh-dhcq-clc,Chương trình ĐHCQ CLC,Khác
chuong-trinh-dhcq-chat-luong-cao,Chương trình ĐHCQ chất lượng cao,Khác
chuong-trinh-dhcq-quoc-te-song-bang,Chương trình ĐHCQ quốc tế song bằng,Khác
chuong-trinh-dao-tao-ky-su-chat-luong-cao-viet-phap,Chương trình đào tạo Kỹ sư chất lượng cao Việt - Pháp,Khác
chuong-trinh-dai-hoc-chinh-quy-chat-luong-cao,Chương trình đại học chính quy chất lượng cao,Khác
cac,Các,Khác
cong-tac-dan-van,Công tác dân vận,Khác
cong-tac-to-chuc,Công tác tổ chức,Khác
cu-nhan-asean-co-op,Cử nhân ASEAN Co-op,Khác
cu-nhan-isb-asean-co-op,Cử nhân ISB ASEAN Co-op,Khác
cu-nhan-tai-nang-isb-bbus,Cử nhân Tài năng ISB BBus,Khác
di-san-va-bao-tang,Di sản và bảo tàng,Khác
digital-art,Digital Art,Khác
dan-so-va-phat-trien,Dân số và Phát triển,Khác
fintech,Fintech,Khác
gd-mam-non,GD Mầm non,Khác
gd-tieu-hoc,GD Tiểu học,Khác
gd-tieu-hoc-sp-tieng-anh,GD Tiểu học - SP Tiếng Anh,Khác
gd-tieu-hoc-tieng-jrai,GD Tiểu học – Tiếng Jrai,Khác
gd-mam-non-sp-tieng-anh,GD mầm non - SP Tiếng Anh,Khác
giao-duc-qp-an-ninh,Giáo dục QP - An ninh,Khác
giao-duc-qp-an,Giáo dục QP-AN,Khác
giao-duc-ouoc-phong-an-ninh,Giáo dục Ọuốc phòng - An ninh,Khác
giao-muc-mam-non,Giáo mục mầm non,Khác
gioi-va-phat-trien,Giới và Phát triển,Khác
golf-chuong-trinh-tieu-chuan,Golf - Chương trình tiêu chuẩn,Khác
golf,Golf),Khác
gay-me-hoi-suc,Gây mê hồi sức,Khác
gom,Gốm,Khác
hoanh-trang,Hoành tráng,Khác
han-quoc,Hàn Quốc,Khác
hanh-vi-to-chuc-chuong-trinh-hoc-tai-phan-hieu-khanh-hoa,Hành vi tổ chức) - Chương trình học tại Phân hiệu Khánh Hòa,Khác
han-nom,Hán Nôm,Khác
he-thong-cung-cap-dien,Hệ thống cung cấp điện),Khác
he-thong-giao-thong-thong-minh,Hệ thống giao thông thông minh),Khác
he-thong-hoach-dinh-nguon-luc-doanh-nghiep,Hệ thống hoạch định nguồn lực doanh nghiệp,Khác
he-thong-nhung-va-lot,Hệ thống nhúng và loT,Khác
he-thong-thong-ti-quan-ly,Hệ thống thông ti quản lý,Khác
he-thong-dien-giao-thong,Hệ thống điện giao thông,Khác
he-thong-dien,Hệ thống điện),Khác
hoc-bang-tieng-anh,HỌC BẰNG TIẾNG ANH),Khác
ho-tro-giao-duc-nguoi-khuyet-tat,Hỗ trợ giáo dục người khuyết tật,Khác
ho-thong-thong-tin,Hộ thống thông tin,Khác
khuyen-nong,Khuyến nông,Khác
khuyen-nong-phat-trien-nong-thon,Khuyến nông - Phát triển nông thôn),Khác
khuyen-nong-va-phat-trien-nong-thon,Khuyến nông và Phát triển nông thôn),Khác
khi-tuong-va-khi-hau-hoc,Khí tượng và khí hậu học,Khác
khuc-xa-nhan-khoa,Khúc xạ nhãn khoa,Khác
khoi-nghiep-va-phat-trien-kinh-doan,Khởi nghiệp và phát triển kinh doan,Khác
kiem-sat,Kiểm sát,Khác
ki-thuat-dien,Kĩ thuật điện,Khác
ky-nghe-go,Kỹ nghệ gỗ,Khác
ky-nghe-go-va-noi-that,Kỹ nghệ gỗ và nội thất,Khác
lam-hoc,Lâm học,Khác
markeing,Markeing,Khác
markeling,Markeling,Khác
may-tu-dong-cong-nghiep,Máy & tự động công nghiệp,Khác
may-va-tu-dong-cong-nghiep,Máy và tự động công nghiệp,Khác
mo-hinh-thong-tin-cong-trinh-trong-du-an-htgt,Mô hình thông tin công trình trong dự án HTGT,Khác
nghien-cuu-phat-trien,Nghiên cứu phát triển,Khác
nghiep-vu-an-ninh,Nghiệp vụ An ninh,Khác
nghiep-vu-ngoai-thuong,Nghiệp vụ ngoại thương,Khác
nghe-thuat-hoc,Nghệ thuật học,Khác
nghe-thuat-so,Nghệ thuật số,Khác
nuoi-trong-thuc-vat,Nuôi trồng thực vật,Khác
non-ngu-anh,Nôn ngữ Anh,Khác
pohe-quan-ly-thi-truong,POHE - Quản lý thị trường,Khác
pohe-quan-tri-thi-truong,POHE - Quản trị thị trường,Khác
pohe-tham-dinh-gia,POHE - Thẩm định giá,Khác
phim,Phim,Khác
phat-trien-nong-thon,Phát triển nông thôn,Khác
phong-chay-chua-chay-va-cuu-nan-cuu-ho,"Phòng cháy chữa cháy và cứu nạn, cứu hộ",Khác
quan-he-lao-dong,Quan hệ lao động,Khác
quan-he-quoc-te,Quan hệ quốc tế,Khác
quan-he-quoc-te-chat-luong-cao,Quan hệ quốc tế - Chất lượng cao,Khác
quan-li,Quản lí,Khác
quan-li-cong,Quản lí công,Khác
quan-li-cong-nghiep,Quản lí công nghiệp,Khác
quan-li-giao-duc,Quản lí giáo dục,Khác
quan-li-tai-nguyen-mt,Quản lí tài nguyên & MT,Khác
quan-li-tai-nguyen-rung,Quản lí tài nguyên rừng,Khác
quan-li-dat-dai,Quản lí đất đai,Khác
quan-ly,Quản lý,Khác
quan-ly-quan-he-lao-dong-chuyen-nganh-hanh-vi-to-chuc,"Quản lý Quan hệ lao động, chuyên ngành Hành vi tổ chức)",Khác
quan-ly-tdtt,Quản lý TDTT,Khác
quan-ly-bien,Quản lý biển,Khác
quan-ly-benh-vien,Quản lý bệnh viện,Khác
quan-ly-cong,Quản lý công,Khác
quan-ly-cong-va-chinh-sach,Quản lý công và Chính sách,Khác
quan-ly-du-an,Quản lý dự án,Khác
quan-ly-giao-duc,Quản lý giáo dục,Khác
quan-ly-giai-tri-va-su-kien,Quản lý giải trí và sự kiện,Khác
quan-ly-hoat-dong-bay,Quản lý hoạt động bay,Khác
quan-ly-hoat-dong-bay-chuong-trinh-hoc-tieng-anh,Quản lý hoạt động bay - Chương trình học Tiếng Anh,Khác
quan-ly-quan-he-lao-dong-chuyen-nganh-hanh-vi-to-chuc-chuong-trinh-tieu-chuan,"Quản lý quan hệ lao động, chuyên ngành Hành vi tổ chức) - Chương trình tiêu chuẩn",Khác
quan-ly-thong-tin,Quản lý thông tin,Khác
quan-ly-thi-truong,Quản lý thị trường,Khác
quan-ly-tai-nguyen-khoang-san,Quản lý tài nguyên khoáng sản,Khác
quan-ly-tai-nguyen-nuoc,Quản lý tài nguyên nước,Khác
quan-ly-tai-nguyen-rung,Quản lý tài nguyên rừng,Khác
quan-ly-tai-nguyen-thien-nhien,Quản lý tài nguyên thiên nhiên,Khác
quan-ly-tong-hop-tai-nguyen-nuoc,Quản lý tổng hợp tài nguyên nước,Khác
quan-ly-va-phat-trien-nguon-nhan-luc,Quản lý và phát triển nguồn nhân lực,Khác
quan-ly-va-van-hanh-ha-tang,Quản lý và vận hành hạ tầng,Khác
quan-ly-xa-hoi,Quản lý xã hội,Khác
quan-ly-dat-dai,Quản lý đất đai,Khác
quan-tri,Quản trị,Khác
quan-tri-hai-quan-ngoai-thuong,Quản trị Hải quan - Ngoại thương,Khác
quan-tri-nh-va-dv-an-uong,Quản trị NH và DV ăn uống,Khác
quan-tri-benh-vien,Quản trị bệnh viện,Khác
quan-tri-chat-luong-giao-duc,Quản trị chất lượng giáo dục,Khác
quan-tri-chat-luong-va-doi-moi,Quản trị chất lượng và Đổi mới,Khác
quan-tri-doanh-nghiep,Quản trị doanh nghiệp,Khác
quan-tri-doanh-nghiep-cong-nghiep,Quản trị doanh nghiệp công nghiệp,Khác
quan-tri-giai-tri-va-su-kien,Quản trị giải trí và sự kiện,Khác
quan-tri-khoi-nghiep,Quản trị khởi nghiệp,Khác
quan-tri-nguon-nhan-luc,Quản trị nguồn nhân lực),Khác
quan-tri-nguon-nhan-luc-chat-luong-cao,Quản trị nguồn nhân lực) - Chất lượng cao,Khác
quan-tri-su-kien,Quản trị sự kiện,Khác
quan-tri-su-kien-va-dich-vu-giai-tri,Quản trị sự kiện và dịch vụ giải trí,Khác
quan-tri-thuong-hieu,Quản trị thương hiệu,Khác
quan-tri-tai-nguyen-di-san,Quản trị tài nguyên di sản,Khác
quan-tri-va-an-ninh,Quản trị và An ninh,Khác
quan-tri-dieu-hanh-thong-minh,Quản trị điều hành thông minh,Khác
sp-ngu-van,SP Ngữ văn,Khác
sp-tieng-anh,SP Tiếng Anh,Khác
sp-tieng-phap,SP Tiếng Pháp,Khác
sp-toan,SP Toán,Khác
sp-tieng-h-mong,SP tiếng H'mong,Khác
song-ngu-anh-han,Song ngữ Anh - Hàn,Khác
song-ngu-anh-trung,Song ngữ Anh - Trung,Khác
si-quan-chtm-khong-quan,Sĩ quan CHTM Không quân,Khác
son-mai,Sơn mài,Khác
tc-nh,TC-NH,Khác
thanh-tra,Thanh tra),Khác
thong-tin-doi-ngoai,Thông tin đối ngoại,Khác
thu,Thú у,Khác
thuy,Thúy,Khác
thuy-y,Thúy y,Khác
tham-dinh-gia,Thẩm định giá,Khác
tham-dinh-gia-va-quan-tri-tai-san,Thẩm định giá và Quản trị tài sản,Khác
thi-truong-chung-khoan,Thị trường chứng khoán,Khác
tieng-anh-chuyen-nghiep-quoc-te,Tiếng Anh chuyên nghiệp quốc tế,Khác
tieng-han,Tiếng Hàn),Khác
tieng-trung-quoc,Tiếng Trung Quốc,Khác
tieng-viet-va-vhvn,Tiếng Việt và VHVN,Khác
toan-tin,Toán Tin,Khác
tam-li-hoc,Tâm lí học,Khác
tu-tuong-ho-chi-minh,Tư tưởng Hồ Chí Minh,Khác
to-chuc-hoat-dong-nghe-thuat,Tổ chức hoạt động nghệ thuật,Khác
vat-li-hoc,Vật lí học,Khác
hiem,hiếm,Khác
ien-tu-dong-cong-nghiep,iện tự động công nghiệp,Khác
khac,khác),Khác
theo-15-nganh-dao-tao-tai-truong,theo 15 ngành đào tạo tại Trường),Khác
toan-tin-ung-dung,toán tin ứng dụng),Khác
ay-tau-thuy,áy tàu thủy,Khác
dh-lam-hoc,ĐH Lâm học,Khác
dh-quan-ly-dat-dai,ĐH Quản lý đất đai,Khác
dieu-khac,Điêu khắc,Khác
dien-cong-nghiep,Điện công nghiệp,Khác
dien-cong-nghiep-va-dan-dung,Điện công nghiệp và dân dụng,Khác
dien-cong-nghiep-clc,Điện công nghiệp) – CLC,Khác
da-quy-da-my-nghe,Đá quý Đá mỹ nghệ,Khác
dong-nam-a-hoc,Đông Nam Á học,Khác
dam-bao-cl-va-an-toan-tp,Đảm bảo CL và An toàn TP,Khác
dam-bao-chat-luong-attp,Đảm bảo chất lượng & ATTP,Khác
dam-bao-chat-luong-va-attp,Đảm bảo chất lượng và ATTP,Khác
dam-bao-chat-luong-va-an-toan-thuc-pham,Đảm bảo chất lượng và an toàn thực phẩm,Khác
dia-li-tu-nhien,Địa lí tự nhiên,Khác
doi-moi-va-phat-trien-toan-cau-bgdi,Đổi mới và Phát triển toàn cầu – BGDI,Khác
duong-sat-toc-do-cao,đường sắt tốc độ cao),Khác
u-dong-hoa-he-thong-dien,ự động hóa hệ thống điện,Khác
tai-chinh-ngan-hang-ke-toan,(Tài chính - Ngân Hàng; Kế toán),Kinh tế - Kinh doanh - Tài chính
agri-business-management,Agri-business Management,Kinh tế - Kinh doanh - Tài chính
agricultural-economics,Agricultural Economics,Kinh tế - Kinh doanh - Tài chính
bao-hiem,Bảo hiểm,Kinh tế - Kinh doanh - Tài chính
bao-hiem-tai-chinh,Bảo hiểm - Tài chính,Kinh tế - Kinh doanh - Tài chính
bao-hiem-tich-hop-chung-chi-anz1if-ct-clc1,Bảo hiểm tích hợp chứng chỉ ANZ1IF - CT CLC1,Kinh tế - Kinh doanh - Tài chính
bat-dong-san,Bất động sản,Kinh tế - Kinh doanh - Tài chính
ct-clc-kinh-doanh-quoc-te,CT CLC Kinh doanh quốc tế,Kinh tế - Kinh doanh - Tài chính
ct-clc-kinh-te-quoc-te,CT CLC Kinh tế quốc tế,Kinh tế - Kinh doanh - Tài chính
ct-clc-kinh-te-doi-ngoai,CT CLC Kinh tế đối ngoại,Kinh tế - Kinh doanh - Tài chính
ct-clc-quan-tri-kinh-doanh,CT CLC Quản trị kinh doanh,Kinh tế - Kinh doanh - Tài chính
ct-clc-tieng-anh-thuong-mai,CT CLC Tiếng Anh thương mại,Kinh tế - Kinh doanh - Tài chính
ct-clc-tieng-nhat-thuong-mai,CT CLC Tiếng Nhật thương mại,Kinh tế - Kinh doanh - Tài chính
ct-clc-tieng-trung-thuong-mai,CT CLC Tiếng Trung thương mại,Kinh tế - Kinh doanh - Tài chính
ct-clc-tai-chinh-ngan-hang,CT CLC Tài chính - Ngân hàng,Kinh tế - Kinh doanh - Tài chính
ct-tc-kinh-doanh-quoc-te,CT TC Kinh doanh quốc tế,Kinh tế - Kinh doanh - Tài chính
ct-tc-kinh-te-doi-ngoai,CT TC Kinh tế dối ngoại,Kinh tế - Kinh doanh - Tài chính
ct-tc-kinh-te-quoc-te,CT TC Kinh tế quốc tế,Kinh tế - Kinh doanh - Tài chính
ct-tc-ke-toan-kiem-toan,CT TC Kế toán - Kiếm toán,Kinh tế - Kinh doanh - Tài chính
ct-tc-quan-tri-kinh-doanh,CT TC Quản trị kinh doanh,Kinh tế - Kinh doanh - Tài chính
ct-tc-tieng-anh-thuong-mai,CT TC Tiếng Anh thương mại,Kinh tế - Kinh doanh - Tài chính
ct-tc-tieng-nhat-thuong-mai,CT TC Tiếng Nhật thương mại,Kinh tế - Kinh doanh - Tài chính
ct-tc-tieng-trung-thuong-mai,CT TC Tiếng Trung Thương mại,Kinh tế - Kinh doanh - Tài chính
ct-tc-tai-chinh-ngan-hang,CT TC Tài chính - Ngân hàng,Kinh tế - Kinh doanh - Tài chính
ct-tt-kinh-te-doi-ngoai,CT TT Kinh tế đối ngoại,Kinh tế - Kinh doanh - Tài chính
ct-tt-quan-tri-kinh-doanh,CT TT Quản tri kinh doanh,Kinh tế - Kinh doanh - Tài chính
ct-tt-tai-chinh-ngan-hang,CT TT Tài chính - Ngân hàng,Kinh tế - Kinh doanh - Tài chính
ct-tich-hop-tieng-phap-thuong-mai,CT Tích hợp tiếng Pháp thương mại,Kinh tế - Kinh doanh - Tài chính
ct-dhnnqt-kinh-doanh-quoc-te-theo-mo-hinh-tien-tien-nhat-ban,CT ĐHNNQT Kinh doanh quốc tế theo mô hình tiên tiến Nhật Bản,Kinh tế - Kinh doanh - Tài chính
ct-dhnnqt-kinh-doanh-so,CT ĐHNNQT Kinh doanh số,Kinh tế - Kinh doanh - Tài chính
ct-dhnnqt-logistics-va-quan-ly-chuoi-cung-ung,CT ĐHNNQT Logistics và Quản lý chuỗi cung ứng,Kinh tế - Kinh doanh - Tài chính
ct-dhnnqt-marketing-so,CT ĐHNNQT Marketing số,Kinh tế - Kinh doanh - Tài chính
ct-dhnnqt-dhnnqt-ke-toan-kiem-toan-theo,CT ĐHNNQT ĐHNNQT Kế toán - Kiểm toán theo,Kinh tế - Kinh doanh - Tài chính
ct-dhptqt-kinh-te-chinh-tri-quoc-te,CT ĐHPTQT Kinh tế chính trị quốc tế,Kinh tế - Kinh doanh - Tài chính
chuong-trinh-clc-kinh-doanh-quoc-te,Chương trình CLC Kinh doanh quốc tế,Kinh tế - Kinh doanh - Tài chính
chuong-trinh-clc-kinh-te-quoc-te,Chương trình CLC Kinh tế quốc tế,Kinh tế - Kinh doanh - Tài chính
chuong-trinh-clc-kinh-te-doi-ngoai,Chương trình CLC Kinh tế đối ngoại,Kinh tế - Kinh doanh - Tài chính
chuong-trinh-clc-ngan-hang-va-tai-chinh-quoc-te,Chương trình CLC Ngân hàng và Tài chính quốc tế,Kinh tế - Kinh doanh - Tài chính
chuong-trinh-clc-quan-tri-kinh-doanh-quoc-te,Chương trình CLC Quản trị kinh doanh quốc tế,Kinh tế - Kinh doanh - Tài chính
chuong-trinh-clc-tieng-anh-thuong-mai,Chương trình CLC Tiếng Anh Thương mại,Kinh tế - Kinh doanh - Tài chính
chuong-trinh-clc-tieng-phap-thuong-mai,Chương trình CLC Tiếng Pháp thương mại,Kinh tế - Kinh doanh - Tài chính
chuong-trinh-clc-tieng-trung-thuong-mai,Chương trình CLC Tiếng Trung Thương mại,Kinh tế - Kinh doanh - Tài chính
chuong-trinh-cong-nghe-tai-chinh,Chương trình Công nghệ tài chính,Kinh tế - Kinh doanh - Tài chính
chuong-trinh-kinh-te-doi-ngoai,Chương trình Kinh tế đối ngoại,Kinh tế - Kinh doanh - Tài chính
chuong-trinh-ke-toan-tich-hop-chung-chi-nghe-nghiep-quoc-te,Chương trình Kế toán tích hợp chứng chỉ nghề nghiệp quốc tế,Kinh tế - Kinh doanh - Tài chính
chuong-trinh-ke-toan-tich-hop-chung-chi-nghe-nghiep-quoc-te-acca,Chương trình Kế toán tích hợp chứng chỉ nghề nghiệp quốc tế ACCA,Kinh tế - Kinh doanh - Tài chính
chuong-trinh-ke-toan-tich-hop-chung-chi-nghe-nghiep-quoc-te-icaew,Chương trình Kế toán tích hợp chứng chỉ nghề nghiệp quốc tế ICAEW,Kinh tế - Kinh doanh - Tài chính
chuong-trinh-ke-toan-tich-hop-chung-chi-quoc-te,Chương trình Kế toán tích hợp chứng chỉ quốc Tế,Kinh tế - Kinh doanh - Tài chính
chuong-trinh-tai-chinh,Chương trình Tài chính,Kinh tế - Kinh doanh - Tài chính
chuong-trinh-ke-toan-tich-hop-chung-chi-quoc-te-icaew-cfab-plus,Chương trình kế toán tích hợp chứng chỉ quốc tế ICAEW CFAB plus,Kinh tế - Kinh doanh - Tài chính
chuong-trinh-tien-chuan-kinh-te-doi-ngoai,Chương trình tiên chuẩn Kinh tế đối ngoại,Kinh tế - Kinh doanh - Tài chính
chuong-trinh-tien-tien-kinh-te-doi-ngoai,Chương trình tiên tiến Kinh tế đối ngoại,Kinh tế - Kinh doanh - Tài chính
chuong-trinh-tien-tien-quan-tri-kinh-doanh-quoc-te,Chương trình tiên tiến Quản trị kinh doanh quốc tế,Kinh tế - Kinh doanh - Tài chính
chuong-trinh-tien-tien-tai-chinh-ngan-hang,Chương trình tiên tiến Tài chính - Ngân hàng,Kinh tế - Kinh doanh - Tài chính
chuong-trinh-tieu-chuan-kinh-doanh-quoc-te,Chương trình tiêu chuẩn Kinh doanh quốc tế,Kinh tế - Kinh doanh - Tài chính
chuong-trinh-tieu-chuan-kinh-te-quoc-te,Chương trình tiêu chuẩn Kinh tế quốc tế,Kinh tế - Kinh doanh - Tài chính
chuong-trinh-tieu-chuan-kinh-te-va-phat-trien-quoc-te,Chương trình tiêu chuẩn Kinh tế và Phát triển quốc tế,Kinh tế - Kinh doanh - Tài chính
chuong-trinh-tieu-chuan-kinh-te-doi-ngoai,Chương trình tiêu chuẩn Kinh tế đối ngoại,Kinh tế - Kinh doanh - Tài chính
chuong-trinh-tieu-chuan-ke-toan-kiem-toan,Chương trình tiêu chuẩn Kế toán - Kiểm toán,Kinh tế - Kinh doanh - Tài chính
chuong-trinh-tieu-chuan-ngan-hang,Chương trình tiêu chuẩn Ngân hàng,Kinh tế - Kinh doanh - Tài chính
chuong-trinh-tieu-chuan-phan-tich-va-dau-tu-tai-chinh,Chương trình tiêu chuẩn Phân tích và đầu tư tài chính,Kinh tế - Kinh doanh - Tài chính
chuong-trinh-tieu-chuan-quan-tri-kinh-doanh-quoc-te,Chương trình tiêu chuẩn Quản trị kinh doanh quốc tế,Kinh tế - Kinh doanh - Tài chính
chuong-trinh-tieu-chuan-thuong-mai-quoc-te,Chương trình tiêu chuẩn Thương mại quốc tế,Kinh tế - Kinh doanh - Tài chính
chuong-trinh-tieu-chuan-tieng-anh-thuong-mai,Chương trình tiêu chuẩn Tiếng Anh Thương mại,Kinh tế - Kinh doanh - Tài chính
chuong-trinh-tieu-chuan-tieng-nhat-thuong-mai,Chương trình tiêu chuẩn Tiếng Nhật thương mại,Kinh tế - Kinh doanh - Tài chính
chuong-trinh-tieu-chuan-tieng-phap-thuong-mai,Chương trình tiêu chuẩn Tiếng Pháp thương mại,Kinh tế - Kinh doanh - Tài chính
chuong-trinh-tieu-chuan-tieng-trung-thuong-mai,Chương trình tiêu chuẩn Tiếng Trung Thương mại,Kinh tế - Kinh doanh - Tài chính
chuong-trinh-tieu-chuan-tai-chinh-quoc-te,Chương trình tiêu chuẩn Tài chính quốc tế,Kinh tế - Kinh doanh - Tài chính
chuong-trinh-dhnnqt-kinh-doanh-quoc-te-theo-mo-hinh-tien-tien-nhat-ban,Chương trình ĐHNNQT Kinh doanh quốc tế theo mô hình tiên tiến Nhật Bản,Kinh tế - Kinh doanh - Tài chính
chuong-trinh-dhnnqt-kinh-doanh-so,Chương trình ĐHNNQT Kinh doanh số,Kinh tế - Kinh doanh - Tài chính
chuong-trinh-dhnnqt-ke-toan-kiem-toan-theo,Chương trình ĐHNNQT Kế toán - Kiểm toán theo,Kinh tế - Kinh doanh - Tài chính
chuong-trinh-dhnnqt-logistics-va-quan-ly-chuoi-cung-ung,Chương trình ĐHNNQT Logistics và Quản lý chuỗi cung ứng,Kinh tế - Kinh doanh - Tài chính
chuong-trinh-dhnnqt-marketing-so,Chương trình ĐHNNQT Marketing số,Kinh tế - Kinh doanh - Tài chính
chuong-trinh-dhptqt-kinh-te-chinh-tri-quoc-te,Chương trình ĐHPTQT Kinh tế chính trị quốc tế,Kinh tế - Kinh doanh - Tài chính
chat-luong-cao-hoach-dinh-va-tu-van-tai-chinh,Chất lượng cao Hoạch định và tư vấn tài chính,Kinh tế - Kinh doanh - Tài chính
chat-luong-cao-kinh-doanh-quoc-te,Chất lượng cao Kinh doanh quốc tế,Kinh tế - Kinh doanh - Tài chính
chat-luong-cao-kinh-te-dau-tu,Chất lượng cao Kinh tế đầu tư,Kinh tế - Kinh doanh - Tài chính
chat-luong-cao-ke-toan,Chất lượng cao Kế toán,Kinh tế - Kinh doanh - Tài chính
chat-luong-cao-marketing-so,Chất lượng cao Marketing số,Kinh tế - Kinh doanh - Tài chính
chat-luong-cao-ngan-hang,Chất lượng cao Ngân hàng,Kinh tế - Kinh doanh - Tài chính
chat-luong-cao-ngan-hang-trung-uong-va-chinh-sach-cong,Chất lượng cao Ngân hàng trung ương và Chính sách công,Kinh tế - Kinh doanh - Tài chính
chat-luong-cao-ngan-hang-va-tai-chinh-quoc-te,Chất lượng cao Ngân hàng và Tài chính quốc tế,Kinh tế - Kinh doanh - Tài chính
chat-luong-cao-quan-tri-kinh-doanh,Chất lượng cao Quản trị kinh doanh,Kinh tế - Kinh doanh - Tài chính
chat-luong-cao-thuong-mai-dien-tu,Chất lượng cao Thương mại điện tử,Kinh tế - Kinh doanh - Tài chính
chat-luong-cao-tai-chinh,Chất lượng cao Tài chính,Kinh tế - Kinh doanh - Tài chính
cong-nghe-logistics,Công nghệ Logistics,Kinh tế - Kinh doanh - Tài chính
cong-nghe-marketing,Công nghệ Marketing,Kinh tế - Kinh doanh - Tài chính
cong-nghe-ky-thuat-logistics,Công nghệ kỹ thuật logistics,Kinh tế - Kinh doanh - Tài chính
cong-nghe-ky-thuat-logistics-clc,Công nghệ kỹ thuật logistics) - CLC,Kinh tế - Kinh doanh - Tài chính
cong-nghe-tai-chinh,Công nghệ tài chính,Kinh tế - Kinh doanh - Tài chính
cong-nghe-tai-chinh-chuong-trinh-cong-nghe-tai-chinh,Công nghệ tài chính - Chương trình Công nghệ tài chính,Kinh tế - Kinh doanh - Tài chính
cong-nghe-tai-chinh-chat-luong-cao,Công nghệ tài chính Chất lượng cao,Kinh tế - Kinh doanh - Tài chính
cong-nghe-tai-chinh-va-kinh-doanh-so,Công nghệ tài chính và kinh doanh số,Kinh tế - Kinh doanh - Tài chính
cong-nghe-va-kinh-doanh-thuc-pham,Công nghệ và kinh doanh thực phẩm,Kinh tế - Kinh doanh - Tài chính
digital-marketing,Digital Marketing,Kinh tế - Kinh doanh - Tài chính
digital-marketing-ct-clc3,Digital Marketing - CT CLC3,Kinh tế - Kinh doanh - Tài chính
digital-marketing-ct-tieng-anh,Digital marketing_CT tiếng Anh,Kinh tế - Kinh doanh - Tài chính
economics-finance,Economics – Finance,Kinh tế - Kinh doanh - Tài chính
financial-economics,Financial Economics,Kinh tế - Kinh doanh - Tài chính
hai-quan-logistics,Hải quan & Logistics,Kinh tế - Kinh doanh - Tài chính
hai-quan-va-logistics,Hải quan và Logistics,Kinh tế - Kinh doanh - Tài chính
khoi-nghiep-va-phat-trien-kinh-doanh,Khởi nghiệp và phát triển kinh doanh,Kinh tế - Kinh doanh - Tài chính
kinh-doanh-chuong-trinh-du-bi-lien-ket-dai-hoc-massey,Kinh doanh - Chương trình dự bị liên kết Đại học Massey,Kinh tế - Kinh doanh - Tài chính
kinh-doanh-chuong-trinh-lien-ket-dai-hoc-massey,Kinh doanh - Chương trình liên kết Đại học Massey,Kinh tế - Kinh doanh - Tài chính
kinh-doanh-nong-nghiep,Kinh doanh nông nghiệp,Kinh tế - Kinh doanh - Tài chính
kinh-doanh-nong-nghiep-hoc-tai-khu-hoa-an,Kinh doanh nông nghiệp - học tại khu Hòa An,Kinh tế - Kinh doanh - Tài chính
kinh-doanh-nong-nghiep-so,Kinh doanh nông nghiệp số,Kinh tế - Kinh doanh - Tài chính
kinh-doanh-quoc-te,Kinh doanh quốc tế,Kinh tế - Kinh doanh - Tài chính
kinh-doanh-quoc-te-logistics,Kinh doanh quốc tế & Logistics,Kinh tế - Kinh doanh - Tài chính
kinh-doanh-quoc-te-chuong-trinh-kinh-doanh-giao-nhan-va-van-tai-quoc-te,Kinh doanh quốc tế - Chương trình Kinh doanh giao nhận và vận tải quốc tế,Kinh tế - Kinh doanh - Tài chính
kinh-doanh-quoc-te-chuong-trinh-kinh-doanh-quoc-te,Kinh doanh quốc tế - Chương trình Kinh doanh quốc tế,Kinh tế - Kinh doanh - Tài chính
kinh-doanh-quoc-te-chuong-trinh-ngoai-thuong,Kinh doanh quốc tế - Chương trình Ngoại thương,Kinh tế - Kinh doanh - Tài chính
kinh-doanh-quoc-te-chuong-trinh-du-bi-lien-ket-dai-hoc-la-trobe,Kinh doanh quốc tế - Chương trình dự bị liên kết Đại học La Trobe,Kinh tế - Kinh doanh - Tài chính
kinh-doanh-quoc-te-chuong-trinh-du-bi-dai-hoc-bang-tieng-anh,Kinh doanh quốc tế - Chương trình dự bị đại học bằng tiếng Anh,Kinh tế - Kinh doanh - Tài chính
kinh-doanh-quoc-te-chuong-trinh-lien-ket-dai-hoc-la-trobe,Kinh doanh quốc tế - Chương trình liên kết Đại học La Trobe,Kinh tế - Kinh doanh - Tài chính
kinh-doanh-quoc-te-chuong-trinh-tieu-chuan,Kinh doanh quốc tế - Chương trình tiêu chuẩn,Kinh tế - Kinh doanh - Tài chính
kinh-doanh-quoc-te-chuong-trinh-dai-hoc-bang-tieng-anh,Kinh doanh quốc tế - Chương trình đại học bằng tiếng Anh,Kinh tế - Kinh doanh - Tài chính
kinh-doanh-quoc-te-chat-luong-cao,Kinh doanh quốc tế - Chất lượng cao,Kinh tế - Kinh doanh - Tài chính
kinh-doanh-quoc-te-chuong-trinh-clc,Kinh doanh quốc tế - chương trình CLC,Kinh tế - Kinh doanh - Tài chính
kinh-doanh-quoc-te-chat-luong-cao-bang-tieng-anh,Kinh doanh quốc tế Chất lượng cao bằng tiếng Anh,Kinh tế - Kinh doanh - Tài chính
kinh-doanh-quoc-te-coventry,Kinh doanh quốc tế Coventry,Kinh tế - Kinh doanh - Tài chính
kinh-doanh-quoc-te-va-logistics,Kinh doanh quốc tế và logistics,Kinh tế - Kinh doanh - Tài chính
kinh-doanh-so,Kinh doanh số,Kinh tế - Kinh doanh - Tài chính
kinh-doanh-so-va-doi-moi-sang-tao,Kinh doanh số và đổi mới sáng tạo,Kinh tế - Kinh doanh - Tài chính
kinh-doanh-thuong-mai,Kinh doanh thương mại,Kinh tế - Kinh doanh - Tài chính
kinh-doanh-thuong-mai-chuong-trinh-kinh-doanh-thuong-mai,Kinh doanh thương mại - Chương trình Kinh doanh thương mại,Kinh tế - Kinh doanh - Tài chính
kinh-doanh-thuong-mai-han-quoc,Kinh doanh thương mại Hàn Quốc,Kinh tế - Kinh doanh - Tài chính
kinh-doanh-the-thao-va-to-chuc-su-kien,Kinh doanh thể thao và tổ chức sự kiện),Kinh tế - Kinh doanh - Tài chính
kinh-doanh-the-thao-va-to-chuc-su-kien-chuong-trinh-hoc-tai-phan-hieu-khanh-hoa,Kinh doanh thể thao và tổ chức sự kiện) - Chương trình học tại Phân hiệu Khánh Hòa,Kinh tế - Kinh doanh - Tài chính
kinh-doanh-thoi-trang-va-det-may,Kinh doanh thời trang và Dệt may,Kinh tế - Kinh doanh - Tài chính
kinh-doanh-va-thuong-mai-quoc-te,Kinh doanh và Thương mại quốc tế),Kinh tế - Kinh doanh - Tài chính
kinh-doanh-va-khoi-nghiep-nong-thon,Kinh doanh và khởi nghiệp nông thôn,Kinh tế - Kinh doanh - Tài chính
kinh-doanh-quan-ly-kinh-te,Kinh doanh – Quản lý – Kinh tế ),Kinh tế - Kinh doanh - Tài chính
kinh-doanh-quan-ly-kinh-te-quan-tri-kinh-doanh-quan-tri-kinh-doanh-quan-tri-kinh-doanh-quan-tri-kinh-doanh-quan-tri-kinh-doanh-quan-tri-kinh-doanh-quan-tri-kinh-doanh-tai-chinh,Kinh doanh – Quản lý – Kinh tế ; Quản trị kinh doanh ; Quản trị kinh doanh ; Quản trị kinh doanh ; Quản trị kinh doanh ; Quản trị kinh doanh ; Quản trị kinh doanh ; Quản trị kinh doanh ; Tài chính,Kinh tế - Kinh doanh - Tài chính
kinh-te,Kinh tế,Kinh tế - Kinh doanh - Tài chính
kinh-te-marketing-the-thao,Kinh tế & Marketing thể thao),Kinh tế - Kinh doanh - Tài chính
kinh-te-chuong-trinh-kinh-te,Kinh tế - Chương trình Kinh tế,Kinh tế - Kinh doanh - Tài chính
kinh-te-chuong-trinh-kinh-te-quoc-te,Kinh tế - Chương trình Kinh tế quốc tế,Kinh tế - Kinh doanh - Tài chính
kinh-te-kinh-te-quoc-te,Kinh tế - Kinh tế quốc tế,Kinh tế - Kinh doanh - Tài chính
kinh-te-cong-nghiep,Kinh tế Công nghiệp,Kinh tế - Kinh doanh - Tài chính
kinh-te-gia-dinh,Kinh tế Gia đình,Kinh tế - Kinh doanh - Tài chính
kinh-te-hang-hai,Kinh tế Hàng hải,Kinh tế - Kinh doanh - Tài chính
kinh-te-hang-khong,Kinh tế Hàng không,Kinh tế - Kinh doanh - Tài chính
kinh-te-nganh-quan-tri-kinh-doanh,Kinh tế Ngành Quản trị kinh doanh,Kinh tế - Kinh doanh - Tài chính
kinh-te-chinh-tri,Kinh tế chính trị,Kinh tế - Kinh doanh - Tài chính
kinh-te-chinh-tri-tai-chinh,Kinh tế chính trị - tài chính,Kinh tế - Kinh doanh - Tài chính
kinh-te-giao-duc-vung-dan-toc-thieu-so,Kinh tế giáo dục vùng dân tộc thiểu số,Kinh tế - Kinh doanh - Tài chính
kinh-te-hoc,Kinh tế học,Kinh tế - Kinh doanh - Tài chính
kinh-te-hoc-tai-chinh,Kinh tế học tài chính,Kinh tế - Kinh doanh - Tài chính
kinh-te-ngoai-thuong,Kinh tế ngoại thương,Kinh tế - Kinh doanh - Tài chính
kinh-te-nong-nghiep,Kinh tế nông nghiệp,Kinh tế - Kinh doanh - Tài chính
kinh-te-nong-nghiep-hoc-tai-khu-hoa-an,Kinh tế nông nghiệp - học tại khu Hòa An,Kinh tế - Kinh doanh - Tài chính
kinh-te-nong-nghiep-va-phat-trien-nong-thon,Kinh tế nông nghiệp và Phát triển nông thôn,Kinh tế - Kinh doanh - Tài chính
kinh-te-phat-trien,Kinh tế phát triển,Kinh tế - Kinh doanh - Tài chính
kinh-te-phat-trien-ct-clc1,Kinh tế phát triển - CT CLC1,Kinh tế - Kinh doanh - Tài chính
kinh-te-quoc-te,Kinh tế quốc tế,Kinh tế - Kinh doanh - Tài chính
kinh-te-quoc-te-ct-clc3,Kinh tế quốc tế - CT CLC3,Kinh tế - Kinh doanh - Tài chính
kinh-te-quoc-te-clc-giang-day-bang-tieng-anh,Kinh tế quốc tế CLC Giảng dạy bằng Tiếng Anh,Kinh tế - Kinh doanh - Tài chính
kinh-te-quoc-te-chat-luong-cao,Kinh tế quốc tế Chất lượng cao,Kinh tế - Kinh doanh - Tài chính
kinh-te-quoc-te-chat-luong-cao-bang-tieng-anh,Kinh tế quốc tế Chất lượng cao bằng tiếng Anh,Kinh tế - Kinh doanh - Tài chính
kinh-te-quoc-te-chat-luong-cao-giang-day-bang-tieng-anh,Kinh tế quốc tế chất lượng cao giảng dạy bằng Tiếng Anh,Kinh tế - Kinh doanh - Tài chính
kinh-te-so,Kinh tế số,Kinh tế - Kinh doanh - Tài chính
kinh-te-the-thao,Kinh tế thể thao,Kinh tế - Kinh doanh - Tài chính
kinh-te-thuy-san,Kinh tế thủy sản),Kinh tế - Kinh doanh - Tài chính
kinh-te-tai-chinh,Kinh tế tài chính,Kinh tế - Kinh doanh - Tài chính
kinh-te-tai-nguyen-thien-nhien,Kinh tế tài nguyên thiên nhiên,Kinh tế - Kinh doanh - Tài chính
kinh-te-va-kinh-doanh-so,Kinh tế và Kinh doanh so),Kinh tế - Kinh doanh - Tài chính
kinh-te-va-quan-ly,Kinh tế và Quản lý,Kinh tế - Kinh doanh - Tài chính
kinh-te-va-quan-ly-cong,Kinh tế và Quản lý công),Kinh tế - Kinh doanh - Tài chính
kinh-te-va-quan-ly-bat-dong-san,Kinh tế và quản lý bất động sản),Kinh tế - Kinh doanh - Tài chính
kinh-te-va-quan-ly-bat-dong-san-clc,Kinh tế và quản lý bất động sản) – CLC,Kinh tế - Kinh doanh - Tài chính
kinh-te-va-quan-ly-nguon-luc-tai-chinh,Kinh tế và quản lý nguồn lực tài chính,Kinh tế - Kinh doanh - Tài chính
kinh-te-van-tai,Kinh tế vận tải,Kinh tế - Kinh doanh - Tài chính
kinh-te-van-tai-chuong-trinh-hoc-bang-tieng-anh,Kinh tế vận tải - Chương trình học bằng Tiếng Anh,Kinh tế - Kinh doanh - Tài chính
kinh-te-van-tai-bien,Kinh tế vận tải biển),Kinh tế - Kinh doanh - Tài chính
kinh-te-van-tai-bien-clc,Kinh tế vận tải biển) - CLC,Kinh tế - Kinh doanh - Tài chính
kinh-te-van-tai-hang-khong,Kinh tế vận tải hàng không),Kinh tế - Kinh doanh - Tài chính
kinh-te-van-tai-hang-khong-clc,Kinh tế vận tải hàng không) – CLC,Kinh tế - Kinh doanh - Tài chính
kinh-te-van-tai-thuy,Kinh tế vận tải thủy,Kinh tế - Kinh doanh - Tài chính
kinh-te-van-tai-cn-kinh-te-hang-khong,Kinh tế vận tải – CN: Kinh tế hàng không,Kinh tế - Kinh doanh - Tài chính
kinh-te-dau-tu-ct-clc2,Kinh tế Đầu tư - CT CLC2,Kinh tế - Kinh doanh - Tài chính
kinh-te-dau-tu-co-chuyen-nganh-kinh-te-dau-tu-kinh-te-quoc-te,Kinh tế Đầu tư có chuyên ngành: Kinh tế đầu tư; Kinh tế quốc tế,Kinh tế - Kinh doanh - Tài chính
kinh-te-dau-tu,Kinh tế đầu tư,Kinh tế - Kinh doanh - Tài chính
kinh-te-dau-tu-va-kinh-te-quoc-te,Kinh tế đầu tư và Kinh tế quốc tế),Kinh tế - Kinh doanh - Tài chính
kinh-te-doi-ngoai-chat-luong-cao-giang-day-bang-tieng-anh,Kinh tế đối ngoại chất lượng cao giảng dạy bằng Tiếng Anh,Kinh tế - Kinh doanh - Tài chính
kinh-te-doi-ngoai,Kinh tế đối ngoại),Kinh tế - Kinh doanh - Tài chính
kinh-te-quan-tri-kinh-doanh,"Kinh tế, Quản trị kinh doanh",Kinh tế - Kinh doanh - Tài chính
kiem-toan,Kiểm toán,Kinh tế - Kinh doanh - Tài chính
kiem-toan-chuong-trinh-kiem-toan,Kiểm toán - Chương trình Kiểm toán,Kinh tế - Kinh doanh - Tài chính
kiem-toan-chuong-trinh-kiem-toan-tich-hop-chuong-trinh-quoc-te-acca,Kiểm toán - Chương trình Kiểm toán tích hợp chương trình quốc tế ACCA,Kinh tế - Kinh doanh - Tài chính
kiem-toan-chat-luong-cao,Kiểm toán Chất lượng cao,Kinh tế - Kinh doanh - Tài chính
kiem-toan-chat-luong-cao-tich-hop-chung-chi-icaew,Kiểm toán chất lượng cao tích hợp chứng chỉ ICAEW,Kinh tế - Kinh doanh - Tài chính
kiem-toan-chat-luong-cao-tich-hop-chung-chi-quoc-te-cfab-cua-vien-ke-toan-cong-chung-anh-va-xu-wales,Kiểm toán chất lượng cao tích hợp chứng chỉ quốc tế CFAB của Viện Kế toán Công chứng Anh và xứ Wales,Kinh tế - Kinh doanh - Tài chính
kiem-toan-gom-02-chuyen-nganh-kiem-toan-phan-tich-kinh-doanh,Kiểm toán gồm 02 chuyên ngành: Kiểm toán; Phân tích kinh doanh.,Kinh tế - Kinh doanh - Tài chính
kiem-toan-tich-hop-ccqt,Kiểm toán tích hợp CCQT,Kinh tế - Kinh doanh - Tài chính
kiem-toan-tich-hop-chung-chi-acca-ct-clc3,Kiểm toán tích hợp chứng chỉ ACCA - CT CLC3,Kinh tế - Kinh doanh - Tài chính
kiem-toan-tich-hop-chung-chi-quoc-te,Kiểm toán tích hợp chứng chỉ quốc tế,Kinh tế - Kinh doanh - Tài chính
kiem-toan-tich-hop-chung-chi-quoc-te-cfab-cua-vien-ke-toan-cong-chung-anh-va-xu-wales,Kiểm toán tích hợp chứng chỉ quốc tế CFAB cùa Viện Kế toán Công chứng Anh và xứ Wales,Kinh tế - Kinh doanh - Tài chính
kinh-te-dau-tu-va-chuyen-nganh-quan-ly-kinh-te,Kình tế đầu tư và chuyên ngành Quán lý kinh tế),Kinh tế - Kinh doanh - Tài chính
ke-toan-chuan-quoc-te,Kế Toán - Chuẩn quốc tế,Kinh tế - Kinh doanh - Tài chính
ke-hoach-dau-tu,Kế hoạch - Đầu tư,Kinh tế - Kinh doanh - Tài chính
ke-hoach-dau-tu-chat-luong-cao,Kế hoạch - Đẩu tư) - Chất lượng cao,Kinh tế - Kinh doanh - Tài chính
ke-hoach-tai-chinh,Kế hoạch tài chính,Kinh tế - Kinh doanh - Tài chính
ke-toan,Kế toán,Kinh tế - Kinh doanh - Tài chính
ke-toan-chuong-trinh-02-nam-dau-hoc-tai-nha-trang,Kế toán - Chương trình 02 năm đầu học tại Nha Trang,Kinh tế - Kinh doanh - Tài chính
ke-toan-chuong-trinh-ke-toan,Kế toán - Chương trình Kế toán,Kinh tế - Kinh doanh - Tài chính
ke-toan-chuong-trinh-ke-toan-tich-hop-chuong-trinh-quoc-te-icaew,Kế toán - Chương trình Kế toán tích hợp chương trình quốc tế ICAEW,Kinh tế - Kinh doanh - Tài chính
ke-toan-chuong-trinh-du-bi-lien-ket-dai-hoc-west-of-england-bristol,"Kế toán - Chương trình dự bị liên kết Đại học West of England, Bristol",Kinh tế - Kinh doanh - Tài chính
ke-toan-chuong-trinh-du-bi-dai-hoc-bang-tieng-anh,Kế toán - Chương trình dự bị đại học bằng tiếng Anh,Kinh tế - Kinh doanh - Tài chính
ke-toan-chuong-trinh-hoc-tai-phan-hieu-khanh-hoa,Kế toán - Chương trình học tại phân hiệu Khánh Hòa,Kinh tế - Kinh doanh - Tài chính
ke-toan-chuong-trinh-lien-ket-dai-hoc-west-of-england-bristol,"Kế toán - Chương trình liên kết Đại học West of England, Bristol",Kinh tế - Kinh doanh - Tài chính
ke-toan-chuong-trinh-tieu-chuan,Kế toán - Chương trình tiêu chuẩn,Kinh tế - Kinh doanh - Tài chính
ke-toan-chuong-trinh-dai-hoc-bang-tieng-anh,Kế toán - Chương trình đại học bằng tiếng Anh,Kinh tế - Kinh doanh - Tài chính
ke-toan-kiem-toan,Kế toán - Kiểm toán,Kinh tế - Kinh doanh - Tài chính
ke-toan-tai-chinh-ngan-hang,Kế toán - Tài chính - Ngân hàng,Kinh tế - Kinh doanh - Tài chính
ke-toan-chuong-trinh-clc,Kế toán - chương trình CLC,Kinh tế - Kinh doanh - Tài chính
ke-toan-chuong-trinh-hoc-phan-hieu-khanh-hoa,Kế toán - chương trình học Phân hiệu Khánh Hòa,Kinh tế - Kinh doanh - Tài chính
ke-toan-hoc-tai-khu-soc-trang,Kế toán - học tại khu Sóc Trăng,Kinh tế - Kinh doanh - Tài chính
ke-toan-clc,Kế toán CLC,Kinh tế - Kinh doanh - Tài chính
ke-toan-nganh-tai-chinh-ngan-hang,Kế toán Ngành Tài chính - Ngân hàng,Kinh tế - Kinh doanh - Tài chính
ke-toan-sunderland,Kế toán Sunderland,Kinh tế - Kinh doanh - Tài chính
ke-toan-sunderland-anh,"Kế toán Sunderland, Anh",Kinh tế - Kinh doanh - Tài chính
ke-toan-tabp,Kế toán TABP,Kinh tế - Kinh doanh - Tài chính
ke-toan-chat-luong-cao,Kế toán chất lượng cao,Kinh tế - Kinh doanh - Tài chính
ke-toan-chat-luong-cao-tich-hop-chung-chi-acca,Kế toán chất lượng cao tích hợp chứng chỉ ACCA,Kinh tế - Kinh doanh - Tài chính
ke-toan-chat-luong-cao-tich-hop-chung-chi-quoc-te-advanced-diploma-in-accounting-business-cua-hiep-hoi-ke-toan-cong-chung-anh,Kế toán chất lượng cao tích hợp chứng chỉ quốc tế Advanced Diploma in Accounting & Business của Hiệp hội kế toán công chứng Anh,Kinh tế - Kinh doanh - Tài chính
ke-toan-co-cac-chuyen-nganh-ke-toan-doanh-nghiep-ke-toan-quan-tri,Kế toán có các chuyên ngành: Kế toán Doanh nghiệp; Kế toán Quản trị,Kinh tế - Kinh doanh - Tài chính
ke-toan-cong,Kế toán công,Kinh tế - Kinh doanh - Tài chính
ke-toan-doanh-nghiep,Kế toán doanh nghiệp,Kinh tế - Kinh doanh - Tài chính
ke-toan-doanh-nghiep-cong-nghiep,Kế toán doanh nghiệp công nghiệp,Kinh tế - Kinh doanh - Tài chính
ke-toan-doanh-nghiep-theo,Kế toán doanh nghiệp theo,Kinh tế - Kinh doanh - Tài chính
ke-toan-doanh-nghiep-ke-toan-cong,Kế toán doanh nghiệp; Kế toán công,Kinh tế - Kinh doanh - Tài chính
ke-toan-gom-02-chuyen-nganh-ke-toan-thue,Kế toán gồm 02 chuyên ngành: Kế toán; Thuế,Kinh tế - Kinh doanh - Tài chính
ke-toan-gom-02-chuyen-nganh-ke-toan-thue-va-ke-toan,Kế toán gồm 02 chuyên ngành: Kế toán; Thuế và kế toán,Kinh tế - Kinh doanh - Tài chính
ke-toan-gom-2-chuyen-nganh-ke-toan-thue-va-ke-toan,Kế toán gồm 2 chuyên ngành: Kế toán; Thuế và kế toán,Kinh tế - Kinh doanh - Tài chính
ke-toan-gom-cac-chuyen-nganh-ke-toan-kiem-toan-ke-toan-doanh-nghiep,Kế toán gồm các chuyên ngành: - Kế toán - Kiểm toán - Kế toán doanh nghiệp,Kinh tế - Kinh doanh - Tài chính
ke-toan-quan-tri-va-kiem-soat-quan-ly,Kế toán quản trị và Kiểm soát quản lý,Kinh tế - Kinh doanh - Tài chính
ke-toan-quoc-te,Kế toán quốc tế,Kinh tế - Kinh doanh - Tài chính
ke-toan-quoc-te-chuong-trinh-du-bi-dai-hoc-bang-tieng-anh,Kế toán quốc tế) - Chương trình dự bị đại học bằng tiếng Anh,Kinh tế - Kinh doanh - Tài chính
ke-toan-quoc-te-chuong-trinh-dai-hoc-bang-tieng-anh,Kế toán quốc tế) - Chương trình đại học bằng tiếng Anh,Kinh tế - Kinh doanh - Tài chính
ke-toan-toan,Kế toán toán,Kinh tế - Kinh doanh - Tài chính
ke-toan-tai-chinh,Kế toán tài chính,Kinh tế - Kinh doanh - Tài chính
ke-toan-tich-hop-chung-chi-quoc-te,Kế toán tích hợp chứng chỉ quốc tế,Kinh tế - Kinh doanh - Tài chính
ke-toan-tich-hop-chung-chi-quoc-te-advanced-diploma-in-accounting-business-cua-hiep-hoi-ke-toan-cong-chung-anh,Kế toán tích hợp chứng chỉ quốc tế Advanced Diploma in Accounting & Business của Hiệp hội Kế toán công chứng Anh,Kinh tế - Kinh doanh - Tài chính
ke-toan-tong-hop-chat-luong-cao,Kế toán tổng hợp chất lượng cao,Kinh tế - Kinh doanh - Tài chính
ke-toan-tong-hop,Kế toán tổng hợp),Kinh tế - Kinh doanh - Tài chính
ke-toan-va-quan-tri-tai-chinh,Kế toán và quản trị tài chính,Kinh tế - Kinh doanh - Tài chính
ke-toan-kinh-doanh-quoc-te,"Kế toán, Kinh doanh quốc tế",Kinh tế - Kinh doanh - Tài chính
ke-toan-phan-tich-va-kiem-toan,"Kế toán, Phân tích và Kiểm toán",Kinh tế - Kinh doanh - Tài chính
ke-toan-quan-tri-kinh-doanh-va-thuong-mai,"Kế toán, Quản trị kinh doanh và Thương mại",Kinh tế - Kinh doanh - Tài chính
ky-thuat-he-thong-cong-nghiep-logistics-va-quan-ly-chuoi-cung-ung,Kỹ thuật Hệ thống Công nghiệp; Logistics và Quản lý chuỗi Cung Ứng,Kinh tế - Kinh doanh - Tài chính
ky-thuat-he-thong-cong-nghiep-va-logistics,Kỹ thuật hệ thống công nghiệp và Logistics,Kinh tế - Kinh doanh - Tài chính
logictics-va-chuoi-cung-ung,Logictics và chuỗi cung ứng,Kinh tế - Kinh doanh - Tài chính
logictics-va-quan-ly-chuoi-cung-ung,Logictics và quản lý chuỗi cung ứng,Kinh tế - Kinh doanh - Tài chính
logisfics-va-quan-ly-chuoi-cung-ung-chuan-quoc-te,Logisfics và Quản lý chuỗi cung ứng - Chuẩn quốc tế,Kinh tế - Kinh doanh - Tài chính
logistic-quan-ly-chuoi-cung-ung,Logistic & Quản lý chuỗi cung ứng,Kinh tế - Kinh doanh - Tài chính
logistic-va-tai-chinh-thuong-mai,Logistic và Tài chính thương mại,Kinh tế - Kinh doanh - Tài chính
logistic-va-quan-ly-chuoi-cung-ung,Logistic và quản lý chuỗi cung ứng,Kinh tế - Kinh doanh - Tài chính
logistics-quan-ly-chuoi-cung-ung-chuong-trinh-tai-nang,Logistics & Quản lý Chuỗi cung ứng - Chương trình Tài năng,Kinh tế - Kinh doanh - Tài chính
logistics-quan-ly-chuoi-cung-ung,Logistics & Quản lý chuỗi cung ứng,Kinh tế - Kinh doanh - Tài chính
logistics-chuoi-cung-ung,Logistics & chuỗi cung ứng,Kinh tế - Kinh doanh - Tài chính
logistics-truong-dai-hoc-tongmyong-han-quoc-cap-bang,Logistics - Trường Đại học Tongmyong - Hàn Quốc cấp bằng,Kinh tế - Kinh doanh - Tài chính
logistics-so,Logistics số,Kinh tế - Kinh doanh - Tài chính
logistics-va-ql-chuoi-cung-ung,Logistics và QL chuỗi cung ứng,Kinh tế - Kinh doanh - Tài chính
logistics-va-qlccu-tich-hop-ccqt,Logistics và QLCCU tích hợp CCQT,Kinh tế - Kinh doanh - Tài chính
logistics-va-quan-ky-chuoi-cung-ung,Logistics và Quản ký chuỗi cung ứng,Kinh tế - Kinh doanh - Tài chính
logistics-va-quan-li-chuoi-cung-ung,Logistics và Quản lí chuỗi cung ứng,Kinh tế - Kinh doanh - Tài chính
logistics-va-quan-ly-ccu-tich-hop-chung-chi-logistic-quoc-te,Logistics và Quản lý CCU tích hợp chứng chỉ Logistic quốc tế,Kinh tế - Kinh doanh - Tài chính
logistics-va-quan-ly-chuoi-cung-ung-logistics-va-van-tai-da-phuong-thuc,Logistics và Quản lý Chuỗi cung ứng; Logistics và Vận tải đa phương thức,Kinh tế - Kinh doanh - Tài chính
logistics-va-quan-ly-chuoi-cung-ung,Logistics và Quản lý chuỗi cung ứng,Kinh tế - Kinh doanh - Tài chính
logistics-va-quan-ly-chuoi-cung-ung-ct-clc3,Logistics và Quản lý chuỗi cung ứng - CT CLC3,Kinh tế - Kinh doanh - Tài chính
logistics-va-quan-ly-chuoi-cung-ung-hoc-tai-khu-soc-trang,Logistics và Quản lý chuỗi cung ứng - học tại khu Sóc Trăng,Kinh tế - Kinh doanh - Tài chính
logistics-va-quan-ly-chuoi-cung-ung-tich-hop-chung-chi-quoc-te,Logistics và Quản lý chuỗi cung ứng tích hợp chứng chỉ quốc tế,Kinh tế - Kinh doanh - Tài chính
logistics-va-quan-ly-chuoi-cung-ung-logistics-cong-nghiep,Logistics và Quản lý chuỗi cung ứng/ Logistics công nghiệp,Kinh tế - Kinh doanh - Tài chính
logistics-va-chuoi-cung-ung,Logistics và chuỗi cung ứng,Kinh tế - Kinh doanh - Tài chính
logistics-va-ha-tang-giao-thong,Logistics và hạ tầng giao thông,Kinh tế - Kinh doanh - Tài chính
logistics-va-ha-tang-giao-thong-clc,Logistics và hạ tầng giao thông) – CLC,Kinh tế - Kinh doanh - Tài chính
logistics-va-quan-ly-chuoi-cung-ung-chuong-trinh-hoc-hoan-toan-bang-tieng-anh,Logistics và quản lý chuỗi cung ứng - Chương trình học hoàn toàn bằng tiếng Anh,Kinh tế - Kinh doanh - Tài chính
logistics-va-quan-ly-chuoi-cung-ung-clc,Logistics và quản lý chuỗi cung ứng) – CLC,Kinh tế - Kinh doanh - Tài chính
logistics-va-van-tai-da-phuong-thuc,Logistics và vận tài đa phương thức,Kinh tế - Kinh doanh - Tài chính
logistics-va-ouan-ly-chuoi-cung-ung,Logistics và Ọuản lý chuỗi cung ứng,Kinh tế - Kinh doanh - Tài chính
logistics,Logistics),Kinh tế - Kinh doanh - Tài chính
marketing,Marketing,Kinh tế - Kinh doanh - Tài chính
marketing-chuong-trinh-02-nam-dau-hoc-tai-nha-trang,Marketing - Chương trình 02 năm đầu học tại Nha Trang,Kinh tế - Kinh doanh - Tài chính
marketing-chuong-trinh-marketing,Marketing - Chương trình Marketing,Kinh tế - Kinh doanh - Tài chính
marketing-chuong-trinh-marketing-so,Marketing - Chương trình Marketing số,Kinh tế - Kinh doanh - Tài chính
marketing-chuong-trinh-tai-nang,Marketing - Chương trình Tài năng,Kinh tế - Kinh doanh - Tài chính
marketing-chuong-trinh-du-bi-dai-hoc-bang-tieng-anh,Marketing - Chương trình dự bị đại học bằng tiếng Anh,Kinh tế - Kinh doanh - Tài chính
marketing-chuong-trinh-hoc-tai-phan-hieu-khanh-hoa,Marketing - Chương trình học tại phân hiệu Khánh Hòa,Kinh tế - Kinh doanh - Tài chính
marketing-chuong-trinh-tieu-chuan,Marketing - Chương trình tiêu chuẩn,Kinh tế - Kinh doanh - Tài chính
marketing-chuong-trinh-dai-hoc-bang-tieng-anh,Marketing - Chương trình đại học bằng tiếng Anh,Kinh tế - Kinh doanh - Tài chính
marketing-thuong-mai-san-pham-va-dich-vu-chuong-trinh-dao-tao-song-bang-quoc-te,Marketing - Thương mại sản phẩm và dịch vụ - Chương trình đào tạo song bằng quốc tế,Kinh tế - Kinh doanh - Tài chính
marketing-chuong-trinh-clc,Marketing - chương trình CLC,Kinh tế - Kinh doanh - Tài chính
marketing-chuong-trinh-hoc-phan-hieu-khanh-hoa,Marketing - chương trình học Phân hiệu Khánh Hòa,Kinh tế - Kinh doanh - Tài chính
marketing-chat-luong-cao-bang-tieng-anh,Marketing Chất lượng cao bằng tiếng Anh,Kinh tế - Kinh doanh - Tài chính
marketing-chat-luong-cao,Marketing chất lượng cao,Kinh tế - Kinh doanh - Tài chính
marketing-co-cac-chuyen-nganh-quan-tri-kinh-doanh-marketing-digital-marketing,"Marketing có các chuyên ngành: Quản trị kinh doanh Marketing, Digital Marketing",Kinh tế - Kinh doanh - Tài chính
marketing-gom-02-chuyen-nganh-marketing-digital-marketing,Marketing gồm 02 chuyên ngành: Marketing; Digital Marketing,Kinh tế - Kinh doanh - Tài chính
marketing-ky-thuat-so,Marketing kỹ thuật số,Kinh tế - Kinh doanh - Tài chính
marketing-so,Marketing số,Kinh tế - Kinh doanh - Tài chính
marketing-so-coventry,Marketing số Coventry,Kinh tế - Kinh doanh - Tài chính
marketing-thuong-mai,Marketing thương mại,Kinh tế - Kinh doanh - Tài chính
marketing-digital-marketing,Marketing/ Digital marketing,Kinh tế - Kinh doanh - Tài chính
ngan-hang,Ngân hàng,Kinh tế - Kinh doanh - Tài chính
ngan-hang-ct-clc1,Ngân hàng - CT CLC1,Kinh tế - Kinh doanh - Tài chính
ngan-hang-clc,Ngân hàng CLC,Kinh tế - Kinh doanh - Tài chính
ngan-hang-so,Ngân hàng số,Kinh tế - Kinh doanh - Tài chính
ngan-hang-va-tai-chinh-qt-coventry,Ngân hàng và Tài chính QT Coventry,Kinh tế - Kinh doanh - Tài chính
ngan-hang-va-tai-chinh-quoc-te,Ngân hàng và Tài chính quốc tế,Kinh tế - Kinh doanh - Tài chính
ngan-hang-va-tai-chinh-quoc-te-coventry,Ngân hàng và Tài chính quốc tế Coventry,Kinh tế - Kinh doanh - Tài chính
nhom-tai-chinh-ngan-hang-gom-02-nganh-ngan-hang-cong-nghe-tai-chinh,Nhóm Tài chính ngân hàng gồm 02 ngành: Ngân hàng; Công nghệ tài chính,Kinh tế - Kinh doanh - Tài chính
pohe-quan-tri-kinh-doanh-thuong-mai,POHE - Quản trị kinh doanh thương mại,Kinh tế - Kinh doanh - Tài chính
phan-tich-kinh-doanh,Phân tích kinh doanh,Kinh tế - Kinh doanh - Tài chính
phan-tich-rui-ro-va-dinh-phi-bao-hiem,Phân tích rủi ro và định phí bảo hiểm,Kinh tế - Kinh doanh - Tài chính
phan-tich-tai-chinh,Phân tích tài chính,Kinh tế - Kinh doanh - Tài chính
qtkd,QTKD,Kinh tế - Kinh doanh - Tài chính
quan-ly-bat-dong-san,Quản lý bất động sản,Kinh tế - Kinh doanh - Tài chính
quan-ly-chuoi-cung-ung-va-logistics-quoc-te,Quản lý chuỗi cung ứng và Logistics quốc tế),Kinh tế - Kinh doanh - Tài chính
quan-ly-chuoi-cung-ung-bao-hiem-tai-chinh-ngan-hang,Quản lý chuỗi cung ứng; Bảo hiểm - Tài chính - Ngân hàng),Kinh tế - Kinh doanh - Tài chính
quan-ly-cang-va-logistics,Quản lý cảng và logistics),Kinh tế - Kinh doanh - Tài chính
quan-ly-cang-va-logistics-clc,Quản lý cảng và logistics) - CLC,Kinh tế - Kinh doanh - Tài chính
quan-ly-kinh-doanh-marketing,Quản lý kinh doanh & Marketing,Kinh tế - Kinh doanh - Tài chính
quan-ly-kinh-doanh-tmdt,Quản lý kinh doanh TMĐT,Kinh tế - Kinh doanh - Tài chính
quan-ly-kinh-doanh-thuong-mai-dien-tu,Quản lý kinh doanh thương mại điện tử,Kinh tế - Kinh doanh - Tài chính
quan-ly-kinh-doanh-va-marketing,Quản lý kinh doanh và Marketing,Kinh tế - Kinh doanh - Tài chính
quan-ly-kinh-te,Quản lý kinh tế,Kinh tế - Kinh doanh - Tài chính
quan-ly-logistics-va-chuoi-cung-ung,Quản lý logistics và chuỗi cung ứng,Kinh tế - Kinh doanh - Tài chính
quan-ly-tai-chinh-cong,Quản lý tài chính công,Kinh tế - Kinh doanh - Tài chính
quan-ly-va-kinh-doanh-van-tai,Quản lý và kinh doanh vận tải),Kinh tế - Kinh doanh - Tài chính
quan-ly-va-kinh-doanh-van-tai-clc,Quản lý và kinh doanh vận tải) – CLC,Kinh tế - Kinh doanh - Tài chính
quan-ly-van-tai-va-logistics,Quản lý vận tải và Logistics),Kinh tế - Kinh doanh - Tài chính
quan-ly-dat-dai-gom-02-chuyen-nganh-quan-ly-dat-dai-kinh-te-tai-nguyen-thien-nhien,Quản lý đất đai gồm 02 chuyên ngành: Quản lý đất đai; Kinh tế tài nguyên thiên nhiên,Kinh tế - Kinh doanh - Tài chính
quan-ly-dat-dai-va-kinh-te-tai-nguyen,Quản lý đất đai và Kinh tế tài nguyên,Kinh tế - Kinh doanh - Tài chính
quan-ly-dat-dai-va-kinh-te-tai-nguyen-gom-02-nganh-quan-ly-dat-dai-kinh-te-tai-nguyen-thien-nhien,Quản lý đất đai và Kinh tế tài nguyên gồm 02 ngành: Quản lý đất đai; Kinh tế tài nguyên thiên nhiên,Kinh tế - Kinh doanh - Tài chính
quan-ly-dat-dai-va-kinh-te-tai-nguyen-gom-2-nganh-quan-ly-dat-dai-kinh-te-tai-nguyen-thien-nhien,Quản lý đất đai và Kinh tế tài nguyên gồm 2 ngành: Quản lý đất đai; Kinh tế tài nguyên thiên nhiên,Kinh tế - Kinh doanh - Tài chính
quan-ly-dat-dai-va-bat-dong-san,Quản lý đất đai và bất động sản,Kinh tế - Kinh doanh - Tài chính
quan-ly-dat-dai-bat-dong-san-va-moi-truong,"Quản lý đất đai, Bất động sản và Môi trường",Kinh tế - Kinh doanh - Tài chính
quan-tri-kinh-doanh-ct-clc2,Quản trị Kinh doanh - CT CLC2,Kinh tế - Kinh doanh - Tài chính
quan-tri-kinh-doanh-chuong-trinh-du-hoc-tai-cho-lay-bang-my,Quản trị Kinh doanh - Chương trình du học tại chỗ lấy bằng Mỹ,Kinh tế - Kinh doanh - Tài chính
quan-tri-kinh-doanh-chuong-trinh-tai-nang,Quản trị Kinh doanh - Chương trình tài năng,Kinh tế - Kinh doanh - Tài chính
quan-tri-kinh-doanh-digital-marketing,Quản trị Kinh doanh - Digital Marketing,Kinh tế - Kinh doanh - Tài chính
quan-tri-kinh-doanh-dh-troy,Quản trị Kinh doanh - ĐH Troy,Kinh tế - Kinh doanh - Tài chính
quan-tri-kinh-doanh-quoc-te,Quản trị Kinh doanh quốc tế,Kinh tế - Kinh doanh - Tài chính
quan-tri-kinh-doanh-quoc-te-ct-clc3,Quản trị Kinh doanh quốc tế - CT CLC3,Kinh tế - Kinh doanh - Tài chính
quan-tri-kinh-doanh-troy,Quản trị Kinh doanh-Troy,Kinh tế - Kinh doanh - Tài chính
quan-tri-kinh-doanh-dinh-huong-digital-marketing,Quản trị Kinh doanh: Định hướng Digital Marketing,Kinh tế - Kinh doanh - Tài chính
quan-tri-logistics-va-chuoi-cung-ung-so,Quản trị Logistics và chuỗi cung ứng số,Kinh tế - Kinh doanh - Tài chính
quan-tri-logistics-va-van-tai-da-phuong-thuc,Quản trị Logistics và vận tải đa phương thức),Kinh tế - Kinh doanh - Tài chính
quan-tri-marketing,Quản trị Marketing,Kinh tế - Kinh doanh - Tài chính
quan-tri-marketing-clc3,Quản trị Marketing - CLC3,Kinh tế - Kinh doanh - Tài chính
quan-tri-nhan-luc-va-nhan-tai,Quản trị Nhân lực và Nhân tài,Kinh tế - Kinh doanh - Tài chính
quan-tri-chuoi-cung-ung,Quản trị chuỗi cung ứng),Kinh tế - Kinh doanh - Tài chính
quan-tri-doanh-nghiep-quan-tri-logistics-bat-dong-san-digital-marketing,Quản trị doanh nghiệp - Quản trị Logistics - Bất động sản - Digital Marketing,Kinh tế - Kinh doanh - Tài chính
quan-tri-doanh-nghiep-quan-tri-logistics-digital-marketing,Quản trị doanh nghiệp - Quản trị Logistics - Digital Marketing,Kinh tế - Kinh doanh - Tài chính
quan-tri-kinh-doanh,Quản trị kinh doanh,Kinh tế - Kinh doanh - Tài chính
quan-tri-kinh-doanh-ctlkdh-flinders-uc,"Quản trị kinh doanh - CTLKĐH Flinders, úc",Kinh tế - Kinh doanh - Tài chính
quan-tri-kinh-doanh-ctlkdh-south-wales,Quản trị kinh doanh - CTLKĐH South Wales,Kinh tế - Kinh doanh - Tài chính
quan-tri-kinh-doanh-chuan-quoc-te,Quản trị kinh doanh - Chuẩn quốc tế,Kinh tế - Kinh doanh - Tài chính
quan-tri-kinh-doanh-chuong-trinh-02-nam-dau-hoc-tai-bao-loc,Quản trị kinh doanh - Chương trình 02 năm đầu học tại Bảo Lộc,Kinh tế - Kinh doanh - Tài chính
quan-tri-kinh-doanh-chuong-trinh-02-nam-dau-hoc-tai-nha-trang,Quản trị kinh doanh - Chương trình 02 năm đầu học tại Nha Trang,Kinh tế - Kinh doanh - Tài chính
quan-tri-kinh-doanh-chuong-trinh-quan-tri-kinh-doanh,Quản trị kinh doanh - Chương trình Quản trị kinh doanh,Kinh tế - Kinh doanh - Tài chính
quan-tri-kinh-doanh-chuong-trinh-du-bi-truong-dai-hoc-kinh-te-va-kinh-doanh-praha,Quản trị kinh doanh - Chương trình dự bị Trường Đại học Kinh tế và Kinh doanh Praha,Kinh tế - Kinh doanh - Tài chính
quan-tri-kinh-doanh-chuong-trinh-du-bi-dai-hoc-bang-tieng-anh,Quản trị kinh doanh - Chương trình dự bị đại học bằng tiếng Anh,Kinh tế - Kinh doanh - Tài chính
quan-tri-kinh-doanh-chuong-trinh-hoc-tai-phan-hieu-khanh-hoa,Quản trị kinh doanh - Chương trình học tại phân hiệu Khánh Hòa,Kinh tế - Kinh doanh - Tài chính
quan-tri-kinh-doanh-chuong-trinh-lien-ket-truong-dai-hoc-kinh-te-va-kinh-doanh-praha,Quản trị kinh doanh - Chương trình liên kết Trường Đại học Kinh tế và Kinh doanh Praha,Kinh tế - Kinh doanh - Tài chính
quan-tri-kinh-doanh-chuong-trinh-lien-ket-dai-hoc-shinawatra-thai-lan,"Quản trị kinh doanh - Chương trình liên kết Đại học Shinawatra, Thái Lan .",Kinh tế - Kinh doanh - Tài chính
quan-tri-kinh-doanh-chuong-trinh-tieu-chuan,Quản trị kinh doanh - Chương trình tiêu chuẩn,Kinh tế - Kinh doanh - Tài chính
quan-tri-kinh-doanh-chuong-trinh-dai-hoc-bang-tieng-anh,Quản trị kinh doanh - Chương trình đại học bằng tiếng Anh,Kinh tế - Kinh doanh - Tài chính
quan-tri-kinh-doanh-chat-luong-cao,Quản trị kinh doanh - Chất lượng cao,Kinh tế - Kinh doanh - Tài chính
quan-tri-kinh-doanh-khoi-nghiep-chuong-trinh-dao-tao-song-bang-quoc-te,Quản trị kinh doanh - Khởi nghiệp - Chương trình đào tạo song bằng quốc tế,Kinh tế - Kinh doanh - Tài chính
quan-tri-kinh-doanh-markeing,Quản trị kinh doanh - Markeing,Kinh tế - Kinh doanh - Tài chính
quan-tri-kinh-doanh-quan-tri-kinh-doanh-quan-tri-kinh-doanh-quan-tri-kinh-doanh-quan-tri-kinh-doanh,Quản trị kinh doanh - Quản trị kinh doanh - Quản trị kinh doanh - Quản trị kinh doanh - Quản trị kinh doanh,Kinh tế - Kinh doanh - Tài chính
quan-tri-kinh-doanh-chuong-trinh-clc,Quản trị kinh doanh - chương trình CLC,Kinh tế - Kinh doanh - Tài chính
quan-tri-kinh-doanh-chuong-trinh-hoc-phan-hieu-khanh-hoa,Quản trị kinh doanh - chương trình học Phân hiệu Khánh Hòa,Kinh tế - Kinh doanh - Tài chính
quan-tri-kinh-doanh-chuong-trinh-lien-ket-dai-hoc-kinh-te-praha,Quản trị kinh doanh - chương trình liên kết Đại học Kinh tế Praha,Kinh tế - Kinh doanh - Tài chính
quan-tri-kinh-doanh-hoc-tai-khu-hoa-an,Quản trị kinh doanh - học tại khu Hòa An,Kinh tế - Kinh doanh - Tài chính
quan-tri-kinh-doanh-tieng-anh,Quản trị kinh doanh - tiếng Anh,Kinh tế - Kinh doanh - Tài chính
quan-tri-kinh-doanh-ctlkdh-southern-queensland,Quản trị kinh doanh -CTLKĐH Southern Queensland,Kinh tế - Kinh doanh - Tài chính
quan-tri-kinh-doanh-clc,Quản trị kinh doanh CLC,Kinh tế - Kinh doanh - Tài chính
quan-tri-kinh-doanh-chat-luong-cao-bang-tieng-anh,Quản trị kinh doanh Chất lượng cao bằng tiếng Anh,Kinh tế - Kinh doanh - Tài chính
quan-tri-kinh-doanh-cityu,Quản trị kinh doanh CityU,Kinh tế - Kinh doanh - Tài chính
quan-tri-kinh-doanh-cityu-hoa-ky,"Quản trị kinh doanh CityU, Hoa Kỳ",Kinh tế - Kinh doanh - Tài chính
quan-tri-kinh-doanh-tabp,Quản trị kinh doanh TABP,Kinh tế - Kinh doanh - Tài chính
quan-tri-kinh-doanh-chat-luong-cao-giang-day-bang-tieng-anh,Quản trị kinh doanh chất lượng cao giảng dạy bằng Tiếng Anh,Kinh tế - Kinh doanh - Tài chính
quan-tri-kinh-doanh-gom-03-chuyen-nganh-quan-tri-kinh-doanh-quan-tri-nguon-luc-logistics-va-quan-ly-chuoi-cung-ung,Quản trị kinh doanh gồm 03 chuyên ngành: Quản trị kinh doanh; Quản trị nguồn lực; Logistics và Quản lý chuỗi cung ứng,Kinh tế - Kinh doanh - Tài chính
quan-tri-kinh-doanh-gom-03-chuyen-nganh-quan-tri-kinh-doanh-quan-tri-nguon-nhan-luc-logistics-va-quan-ly-chuoi-cung-ung,Quản trị kinh doanh gồm 03 chuyên ngành: Quản trị kinh doanh; Quản trị nguồn nhân lực; Logistics và Quản lý chuỗi cung ứng,Kinh tế - Kinh doanh - Tài chính
quan-tri-kinh-doanh-gom-3-chuyen-nganh-quan-tri-kinh-doanh-quan-tri-nguon-nhan-luc-logistics-va-quan-ly-chuoi-cung-ung,Quản trị kinh doanh gồm 3 chuyên ngành: Quản trị kinh doanh; Quản trị nguồn nhân lực; Logistics và Quản lý chuỗi cung ứng,Kinh tế - Kinh doanh - Tài chính
quan-tri-kinh-doanh-hang-khong-chuong-trinh-hoc-bang-tieng-anh,Quản trị kinh doanh hàng không - Chương trình học bằng Tiếng Anh,Kinh tế - Kinh doanh - Tài chính
quan-tri-kinh-doanh-quoc-te-chuong-trinh-lien-ket-dai-hoc-khoa-hoc-va-cong-nghe-lunghwa,Quản trị kinh doanh quốc tế - chương trình liên kết Đại học Khoa học và công nghệ Lunghwa,Kinh tế - Kinh doanh - Tài chính
quan-tri-kinh-doanh-so,Quản trị kinh doanh số,Kinh tế - Kinh doanh - Tài chính
quan-tri-kinh-doanh-thuong-mai,Quản trị kinh doanh thương mại,Kinh tế - Kinh doanh - Tài chính
quan-tri-kinh-doanh-thuc-pham,Quản trị kinh doanh thực phẩm,Kinh tế - Kinh doanh - Tài chính
quan-tri-kinh-doanh-toan-cau-chuong-trinh-du-bi-lien-ket-truong-kinh-doanh-emlyon,Quản trị kinh doanh toàn cầu - Chương trình dự bị liên kết Trường Kinh doanh Emlyon,Kinh tế - Kinh doanh - Tài chính
quan-tri-kinh-doanh-toan-cau-chuong-trinh-du-bi-lien-ket-dai-hoc-emlyon,Quản trị kinh doanh toàn cầu - Chương trình dự bị liên kết Đại học Emlyon,Kinh tế - Kinh doanh - Tài chính
quan-tri-kinh-doanh-toan-cau-chuong-trinh-lien-ket-truong-kinh-doanh-emlyon,Quản trị kinh doanh toàn cầu - Chương trình liên kết Trường Kinh doanh Emlyon,Kinh tế - Kinh doanh - Tài chính
quan-tri-kinh-doanh-toan-cau-chuong-trinh-lien-ket-dai-hoc-emlyon,Quản trị kinh doanh toàn cầu - Chương trình liên kết Đại học Emlyon,Kinh tế - Kinh doanh - Tài chính
quan-tri-kinh-doanh-tong-hop,Quản trị kinh doanh tổng hợp,Kinh tế - Kinh doanh - Tài chính
quan-tri-kinh-doanh-va-hub-moi-ben-cap-mot-bang-cu-nhan,Quản trị kinh doanh và HUB mỗi bên cấp một bằng cử nhân),Kinh tế - Kinh doanh - Tài chính
quan-tri-kinh-doanh-va-tai-chinh,Quản trị kinh doanh và tài chính,Kinh tế - Kinh doanh - Tài chính
quan-tri-kinh-doanh-chuong-trinh-du-bi-lien-ket-dai-hoc-lunghwa,Quản trị kinh doanh – Chương trình dự bị liên kết Đại học Lunghwa,Kinh tế - Kinh doanh - Tài chính
quan-tri-kinh-doanh-chuong-trinh-lien-ket-dai-hoc-lunghwa,Quản trị kinh doanh – Chương trình liên kết Đại học Lunghwa,Kinh tế - Kinh doanh - Tài chính
quan-tri-kinh-doanh-kinh-doanh-quoc-te-marketing-tai-chinh-ngan-hang-ke-toan,"Quản trị kinh doanh, Kinh doanh quốc tế, Marketing, Tài chính - Ngân hàng, Kế toán)",Kinh tế - Kinh doanh - Tài chính
quan-tri-logistics-va-van-tai-da-phuong-thuc-clc,Quản trị logistics và vận tải đa phương thức) – CLC,Kinh tế - Kinh doanh - Tài chính
quan-tri-logistics-va-van-tai-da-phuong-thuc-chuong-trinh-hoc-hoan-toan-bang-tieng-anh,Quản trị logistics và vận tải đa phương thức) – chương trình học hoàn toàn bằng tiếng Anh,Kinh tế - Kinh doanh - Tài chính
quan-tri-nhan-luc,Quản trị nhân lực,Kinh tế - Kinh doanh - Tài chính
quan-tri-nhan-luc-ct-clc2,Quản trị nhân lực - CT CLC2,Kinh tế - Kinh doanh - Tài chính
quan-tri-nhan-luc-chuong-trinh-quan-tri-nguon-nhan-luc,Quản trị nhân lực - Chương trình Quản trị nguồn nhân lực,Kinh tế - Kinh doanh - Tài chính
quan-tri-nhan-luc-doanh-nghiep,Quản trị nhân lực doanh nghiệp,Kinh tế - Kinh doanh - Tài chính
quan-tri-thuong-mai-dien-tu,Quản trị thương mại điện tử,Kinh tế - Kinh doanh - Tài chính
quan-tri-tai-chinh-ke-toan,Quản trị tài chính kế toán,Kinh tế - Kinh doanh - Tài chính
quan-tri-tai-chinh-ngan-hang,Quản trị tài chính ngân hàng,Kinh tế - Kinh doanh - Tài chính
quan-tri-tai-chinh-so,Quản trị tài chính số,Kinh tế - Kinh doanh - Tài chính
quan-tri-va-kinh-doanh-quoc-te,Quản trị và Kinh doanh Quốc tế,Kinh tế - Kinh doanh - Tài chính
quan-tri-van-phong,Quản trị văn phòng,Kinh tế - Kinh doanh - Tài chính
quan-ti-tai-chinh-so,Quản tị Tài chính số,Kinh tế - Kinh doanh - Tài chính
smart-logistics,Smart logistics),Kinh tế - Kinh doanh - Tài chính
thue,Thuế,Kinh tế - Kinh doanh - Tài chính
thue-va-quan-tri-thue,Thuế và Quản trị thuế,Kinh tế - Kinh doanh - Tài chính
thu-ky-van-phong-doanh-nghiep-thuoc-nganh-quan-tri-van-phong,Thư ký văn phòng doanh nghiệp thuộc ngành Quản trị văn phòng,Kinh tế - Kinh doanh - Tài chính
thuong-mai-quoc-te,Thương mại quốc tế,Kinh tế - Kinh doanh - Tài chính
thuong-mai-dien-tu,Thương mại điện tử,Kinh tế - Kinh doanh - Tài chính
thuong-mai-dien-tu-ct-clc3,Thương mại điện tử - CT CLC3,Kinh tế - Kinh doanh - Tài chính
thuong-mai-dien-tu-chuan-quoc-te,Thương mại điện tử - Chuẩn quốc tế,Kinh tế - Kinh doanh - Tài chính
thuong-mai-dien-tu-chuong-trinh-thuong-mai-dien-tu,Thương mại điện tử - Chương trình Thương mại điện tử,Kinh tế - Kinh doanh - Tài chính
thuong-mai-dien-tu-chat-luong-cao,Thương mại điện tử Chất lượng cao,Kinh tế - Kinh doanh - Tài chính
thuong-mai-dien-tu-chat-luong-cao-bang-tieng-anh,Thương mại điện tử Chất lượng cao bằng tiếng Anh,Kinh tế - Kinh doanh - Tài chính
tham-dinh-gia-va-kinh-doanh-bat-dong-san,Thẩm định giá và kinh doanh bất động sản,Kinh tế - Kinh doanh - Tài chính
thong-ke-kinh-doanh,Thống kê kinh doanh,Kinh tế - Kinh doanh - Tài chính
thong-ke-kinh-te,Thống kê kinh tế,Kinh tế - Kinh doanh - Tài chính
thong-ke-kinh-te-chuong-trinh-thong-ke-kinh-te,Thống kê kinh tế - Chương trình Thống kê kinh tế,Kinh tế - Kinh doanh - Tài chính
tieng-anh-thuong-mai,Tiếng Anh thương mại,Kinh tế - Kinh doanh - Tài chính
tieng-anh-thuong-mai-logistics-va-van-tai-quoc-te-chuong-trinh-hoc-hoan-toan-bang-tieng-anh,Tiếng Anh thương mại; logistics và vận tải quốc tế) - Chương trình học hoàn toàn bằng tiếng Anh,Kinh tế - Kinh doanh - Tài chính
tieng-anh-tai-chinh-ke-toan,Tiếng Anh tài chính kế toán,Kinh tế - Kinh doanh - Tài chính
tieng-nhat-thuong-mai,Tiếng Nhật thương mại,Kinh tế - Kinh doanh - Tài chính
tieng-phap-thuong-mai,Tiếng Pháp thương mại,Kinh tế - Kinh doanh - Tài chính
tieng-trung-thuong-mai,Tiếng Trung thương mại,Kinh tế - Kinh doanh - Tài chính
toan-kinh-te,Toán kinh tế,Kinh tế - Kinh doanh - Tài chính
toan-kinh-te-chat-luong-cao,Toán kinh tế Chất lượng cao,Kinh tế - Kinh doanh - Tài chính
toan-kinh-te-chat-luong-cao-bang-tieng-anh,Toán kinh tế Chất lượng cao bằng tiếng Anh,Kinh tế - Kinh doanh - Tài chính
toan-tai-chinh,Toán tài chính,Kinh tế - Kinh doanh - Tài chính
toan-ung-dung-trong-kinh-te-quan-tri-va-tai-chinh,"Toán ứng dụng trong Kinh tế , Quản trị và Tài chính)",Kinh tế - Kinh doanh - Tài chính
tai-chinh,Tài chính,Kinh tế - Kinh doanh - Tài chính
tai-chinh-ngan-hang-cac-chuyen-nganh-tai-chinh-doanh-nghiep-ngan-hang,"Tài chính - Ngân hàng (các chuyên ngành: Tài chính doanh nghiệp, Ngân hàng",Kinh tế - Kinh doanh - Tài chính
tai-chinh-ngan-hang-lien-ket-dao-tao-dong-cap-bang-voi-truong-dai-hoc-rennes-i-cong-hoa-phap,"Tài chính - Ngân hàng (liên kết đào tạo đồng cấp bằng với Trường Đại học Rennes I, Cộng hòa Pháp",Kinh tế - Kinh doanh - Tài chính
tai-chinh-ngan-hang-chuong-trinh-tai-chinh-ngan-hang,Tài chính - Ngân hàng - Chương trình Tài chính - Ngân hàng,Kinh tế - Kinh doanh - Tài chính
tai-chinh-ngan-hang-chuong-trinh-du-bi-dai-hoc-bang-tieng-anh,Tài chính - Ngân hàng - Chương trình dự bị đại học bằng tiếng Anh,Kinh tế - Kinh doanh - Tài chính
tai-chinh-ngan-hang-chuong-trinh-tieu-chuan,Tài chính - Ngân hàng - Chương trình tiêu chuẩn,Kinh tế - Kinh doanh - Tài chính
tai-chinh-ngan-hang-chat-luong-cao,Tài chính - Ngân hàng - Chất lượng cao,Kinh tế - Kinh doanh - Tài chính
tai-chinh-ngan-hang-chuong-trinh-clc,Tài chính - Ngân hàng - chương trình CLC,Kinh tế - Kinh doanh - Tài chính
tai-chinh-ngan-hang-1,Tài chính - Ngân hàng 1,Kinh tế - Kinh doanh - Tài chính
tai-chinh-ngan-hang-1-cn-thue-hai-quan-va-nghiep-vu-ngoai-thuong-tai-chinh-quoc-te,Tài chính - Ngân hàng 1 (CN Thuế; Hải quan và Nghiệp vụ ngoại thương; Tài chính quốc tế,Kinh tế - Kinh doanh - Tài chính
tai-chinh-ngan-hang-2,Tài chính - Ngân hàng 2,Kinh tế - Kinh doanh - Tài chính
tai-chinh-ngan-hang-3,Tài chính - Ngân hàng 3,Kinh tế - Kinh doanh - Tài chính
tai-chinh-ngan-hang-clc-giang-day-bang-tieng-anh,Tài chính - Ngân hàng CLC giảng dạy bằng Tiếng Anh,Kinh tế - Kinh doanh - Tài chính
tai-chinh-ngan-hang-chat-luong-cao-bang-tieng-anh,Tài chính - Ngân hàng Chất lượng cao bằng tiếng Anh,Kinh tế - Kinh doanh - Tài chính
tai-chinh-ngan-hang-nganh-ke-toan-nganh-kinh-doanh-quoc-te-nganh-marketing,Tài chính - Ngân hàng Ngành Kế toán Ngành Kinh doanh quốc tế Ngành Marketing,Kinh tế - Kinh doanh - Tài chính
tai-chinh-ngan-hang-co-cac-chuyen-nganh-tai-chinh-doanh-nghiep-ngan-hang,"Tài chính - Ngân hàng có các chuyên ngành: Tài chính Doanh nghiệp, Ngân hàng",Kinh tế - Kinh doanh - Tài chính
tai-chinh-ngan-hang-thuong-mai,Tài chính - Ngân hàng thương mại,Kinh tế - Kinh doanh - Tài chính
tai-chinh-ngan-hang-ke-toan-kinh-doanh-quoc-te-marketing,"Tài chính - Ngân hàng, Kế toán, Kinh doanh quốc tế, Marketing",Kinh tế - Kinh doanh - Tài chính
tai-chinh-chuong-trinh-lien-ket-dai-hoc-feng-china,Tài chính - chương trình liên kết Đại học Feng China,Kinh tế - Kinh doanh - Tài chính
tai-chinh-chuong-trinh-lien-ket-dai-hoc-khoa-hoc-va-cong-nghe-lunghwa,Tài chính - chương trình liên kết Đại học Khoa học và công nghệ Lunghwa,Kinh tế - Kinh doanh - Tài chính
tai-chinh-ngan-hang,Tài chính ; Ngân hàng,Kinh tế - Kinh doanh - Tài chính
tai-chinh-clc,Tài chính CLC,Kinh tế - Kinh doanh - Tài chính
tai-chinh-bao-hiem,Tài chính bảo hiểm,Kinh tế - Kinh doanh - Tài chính
tai-chinh-chat-luong-cao,Tài chính chất lượng cao,Kinh tế - Kinh doanh - Tài chính
tai-chinh-chat-luong-cao-giang-day-bang-tieng-anh,Tài chính chất lượng cao giảng dạy bằng Tiếng Anh,Kinh tế - Kinh doanh - Tài chính
tai-chinh-cong,Tài chính công,Kinh tế - Kinh doanh - Tài chính
tai-chinh-doanh-nghiep,Tài chính doanh nghiệp,Kinh tế - Kinh doanh - Tài chính
tai-chinh-doanh-nghiep-ct-clc3,Tài chính doanh nghiệp - CT CLC3,Kinh tế - Kinh doanh - Tài chính
tai-chinh-doanh-nghiep-chuyen-nganh-ngan-hang-thuong-mai,Tài chính doanh nghiệp; chuyên ngành Ngân hàng thương mại),Kinh tế - Kinh doanh - Tài chính
tai-chinh-ke-toan,Tài chính kế toán,Kinh tế - Kinh doanh - Tài chính
tai-chinh-ngan-hang-chuong-trinh-dai-hoc-bang-tieng-anh,Tài chính ngân hàng - Chương trình đại học bằng tiếng Anh,Kinh tế - Kinh doanh - Tài chính
tai-chinh-ngan-hang-ctlkdh-flinders-uc,"Tài chính ngân hàng -CTLKĐH Flinders, úc",Kinh tế - Kinh doanh - Tài chính
tai-chinh-ngan-hang-chat-luong-cao-giang-day-bang-tieng-anh,Tài chính ngân hàng chất lượng cao giảng dạy bằng Tiếng Anh,Kinh tế - Kinh doanh - Tài chính
tai-chinh-ngan-hang-gom-02-chuyen-nganh-ngan-hang-tai-chinh,Tài chính ngân hàng gồm 02 chuyên ngành: Ngân hàng; Tài chính,Kinh tế - Kinh doanh - Tài chính
tai-chinh-ngan-hang-gom-02-chuyen-nganh-tai-chinh-ngan-hang-tai-chinh-doanh-nghiep,"Tài chính ngân hàng gồm 02 chuyên ngành: Tài chính ngân hàng, Tài chính doanh nghiệp",Kinh tế - Kinh doanh - Tài chính
tai-chinh-ngan-hang-gom-2-chuyen-nganh-tai-chinh-ngan-hang-tai-chinh-doanh-nghiep,Tài chính ngân hàng gồm 2 chuyên ngành: Tài chính ngân hàng; Tài chính doanh nghiệp,Kinh tế - Kinh doanh - Tài chính
tai-chinh-ngan-hang-ke-toan-kinh-doanh-quoc-te,"Tài chính ngân hàng, kế toán, kinh doanh quốc tế",Kinh tế - Kinh doanh - Tài chính
tai-chinh-quoc-te,Tài chính quốc tế,Kinh tế - Kinh doanh - Tài chính
tai-chinh-va-ke-toan,Tài chính và Kế toán,Kinh tế - Kinh doanh - Tài chính
tai-chinh-va-kiem-soat-chuong-trinh-du-bi-lien-ket-dai-hoc-khoa-hoc-ung-dung-saxion,Tài chính và kiểm soát - Chương trình dự bị liên kết Đại học khoa học ứng dụng Saxion,Kinh tế - Kinh doanh - Tài chính
tai-chinh-va-kiem-soat-chuong-trinh-lien-ket-dai-hoc-khoa-hoc-ung-dung-saxion,Tài chính và kiểm soát - Chương trình liên kết Đại học khoa học ứng dụng Saxion,Kinh tế - Kinh doanh - Tài chính
tai-chinh-va-dau-tu,Tài chính và Đầu tư,Kinh tế - Kinh doanh - Tài chính
tai-chinh-ngan-hang-sunderland-anh,"Tài chính – Ngân hàng Sunderland, Anh",Kinh tế - Kinh doanh - Tài chính
tai-chinh-ngan-hang-tabp,Tài chính – Ngân hàng TABP,Kinh tế - Kinh doanh - Tài chính
tai-chinh-ngan-hang-va-hub-moi-ben-cap-mot-bang-cu-nhan,Tài chính – Ngân hàng và HUB mỗi bên cấp một bằng cử nhân),Kinh tế - Kinh doanh - Tài chính
tai-chinh-ngan-hang-sunderland,Tài chính- Ngân hàng Sunderland,Kinh tế - Kinh doanh - Tài chính
tai-chinh-ngan-hanh-chuong-trinh-tai-nang,Tài chính-Ngân hành - Chương trình tài năng,Kinh tế - Kinh doanh - Tài chính
kinh-doanh-the-thao-va-to-chuc-su-kien-chuong-trinh-tieu-chuan,kinh doanh thể thao và tổ chức sự kiện) - Chương trình tiêu chuẩn,Kinh tế - Kinh doanh - Tài chính
kinh-te-chat-luong-cao,kinh tế Chất lượng cao,Kinh tế - Kinh doanh - Tài chính
ke-toan-chat-luong-cao-bang-tieng-anh,kế toán Chất lượng cao bằng tiếng Anh,Kinh tế - Kinh doanh - Tài chính
dh-kinh-te,ĐH Kinh tế,Kinh tế - Kinh doanh - Tài chính
dh-kiem-toan,ĐH Kiểm toán,Kinh tế - Kinh doanh - Tài chính
dh-ke-toan,ĐH Kế toán,Kinh tế - Kinh doanh - Tài chính
dh-quan-tri-kinh-doanh,ĐH Quản trị kinh doanh,Kinh tế - Kinh doanh - Tài chính
dh-tai-chinh-ngan-hang,ĐH Tài chính - Ngân hàng,Kinh tế - Kinh doanh - Tài chính
dau-tu-tai-chinh,Đầu tư tài chính,Kinh tế - Kinh doanh - Tài chính
dia-chat-hoc-kinh-te-dat-dai,"Địa chất học , Kinh tế đất đai",Kinh tế - Kinh doanh - Tài chính
dinh-phi-bao-hiem-quan-tri-rui-ro,Định phí Bảo hiểm & Quản trị rủi ro,Kinh tế - Kinh doanh - Tài chính
cn-ky-thuat-cong-trinh-xay-dung,CN kỹ thuật công trình xây dựng,Kiến trúc - Xây dựng
cnkt-ct-xay-dung,CNKT CT xây dựng,Kiến trúc - Xây dựng
cnkt-cau-duong-bo,CNKT Cầu đường bộ,Kiến trúc - Xây dựng
cnkt-xd-cau-duong-bo,CNKT XD Cầu đường bộ,Kiến trúc - Xây dựng
cnkt-xay-dung-cau-duong-bo,CNKT Xây dựng cầu đường bộ,Kiến trúc - Xây dựng
cnkt-cong-trinh-xd-dan-dung-va-cong-nghiep,CNKT công trình XD dân dụng và công nghiệp,Kiến trúc - Xây dựng
cnkt-cong-trinh-xay-dung,CNKT công trình xây dựng,Kiến trúc - Xây dựng
cnkt-cong-trinh-xay-dung-clc,CNKT công trình xây dựng CLC,Kiến trúc - Xây dựng
cnkt-cong-trinh-xay-dung-dan-dung-va-cong-nghiep,CNKT công trình xây dựng dân dụng và công nghiệp,Kiến trúc - Xây dựng
cnkt-xay-dung,CNKT xây dựng,Kiến trúc - Xây dựng
cnkt-xay-dung-duong-sat-metro,CNKT xây dựng Đường sắt - Metro,Kiến trúc - Xây dựng
cong-nghe-ktct-xay-dung,Công nghệ KTCT xây dựng,Kiến trúc - Xây dựng
cong-nghe-ki-thuat-vat-lieu-xay-dung,Công nghệ kĩ thuật Vật liệu xây dựng,Kiến trúc - Xây dựng
cong-nghe-ky-thuat-may-xay-dung,Công nghệ kỹ thuật Máy xây dựng,Kiến trúc - Xây dựng
cong-nghe-ky-thuat-xd-cau-duong-bo,Công nghệ kỹ thuật XD Cầu đường bộ,Kiến trúc - Xây dựng
cong-nghe-ky-thuat-cong-trinh-xd,Công nghệ kỹ thuật công trình XD,Kiến trúc - Xây dựng
cong-nghe-ky-thuat-cong-trinh-xay-dung,Công nghệ kỹ thuật công trình xây dựng,Kiến trúc - Xây dựng
cong-nghe-ky-thuat-cong-trinh-xay-dung-chat-luong-cao,Công nghệ kỹ thuật công trình xây dựng - Chất lượng cao,Kiến trúc - Xây dựng
cong-nghe-ky-thuat-cong-trinh-xay-dung-xay-dung-cau-duong-xay-dung-dan-dung-va-cong-nghiep,Công nghệ kỹ thuật công trình xây dựng - Xây dựng cầu đường - Xây dựng dân dụng và công nghiệp,Kiến trúc - Xây dựng
cong-nghe-ky-thuat-cong-trinh-xay-dung-cn-quan-ly-va-khai-thac-cang-hk,Công nghệ kỹ thuật công trình xây dựng – CN: Quản lý và khai thác cảng HK,Kiến trúc - Xây dựng
cong-nghe-ky-thuat-cong-trinh-xay-dung-cn-xay-dung-va-phat-trien-cang-hk,Công nghệ kỹ thuật công trình xây dựng – CN: Xây dựng và phát triển cảng HK,Kiến trúc - Xây dựng
cong-nghe-ky-thuat-kien-truc,Công nghệ kỹ thuật kiến trúc,Kiến trúc - Xây dựng
cong-nghe-ky-thuat-vat-lieu-xay-dung,Công nghệ kỹ thuật vật liệu xây dựng,Kiến trúc - Xây dựng
cong-nghe-ky-thuat-xay-dung,Công nghệ kỹ thuật xây dựng,Kiến trúc - Xây dựng
cong-nghe-ky-thuat-xay-dung-cau-duong-bo,Công nghệ kỹ thuật xây dựng Cầu đường bộ,Kiến trúc - Xây dựng
co-khi-tu-dong-quan-ly-va-khai-thac-may-xep-do-xay-dung-cong-nghe-ky-thuat-logistics,Cơ khí tự động; Quản lý và khai thác Máy xếp dỡ - Xây dựng; Công nghệ kỹ thuật logistics),Kiến trúc - Xây dựng
ha-tang-giao-thong-do-thi-thong-minh,Hạ tầng giao thông đô thị thông minh,Kiến trúc - Xây dựng
he-thong-ky-thuat-cong-trinh-xay-dung,Hệ thống kỹ thuật công trình xây dựng,Kiến trúc - Xây dựng
he-thong-dien-duong-sat-toc-do-cao-duong-sat-do-thi,"Hệ thống điện đường sắt tốc độ cao, đường sắt đô thị)",Kiến trúc - Xây dựng
khai-thac-va-quan-ly-duong-sat-toc-do-cao-khai-thac-va-quan-ly-duong-sat-do-thi,"Khai thác và quản lý đường sắt tốc độ cao, Khai thác và quản lý đường sắt đô thị)",Kiến trúc - Xây dựng
kinh-te-xay-dung,Kinh tế xây dựng,Kiến trúc - Xây dựng
kinh-te-xay-dung-clc,Kinh tế xây dựng) - CLC,Kiến trúc - Xây dựng
kinh-te-dau-tu-xay-dung-kinh-te-van-tai-va-logistic-quan-ly-du-an-cong-trinh-xay-dung,Kinh tế đầu tư xây dựng; Kinh tế vận tải và logistic; Quản lý dự án công trình xây dựng),Kiến trúc - Xây dựng
kien-truc,Kiến trúc,Kiến trúc - Xây dựng
kien-truc-chuong-trinh-tieu-chuan,Kiến trúc - Chương trình tiêu chuẩn,Kiến trúc - Xây dựng
kien-truc-chat-luong-cao,Kiến trúc - Chất lượng cao,Kiến trúc - Xây dựng
kien-truc-co-chuyen-nganh-kien-truc-cong-trinh-thiet-ke-noi-that,"Kiến trúc có chuyên ngành: Kiến trúc công trình, Thiết kế nội thất",Kiến trúc - Xây dựng
kien-truc-cong-nghe,Kiến trúc công nghệ,Kiến trúc - Xây dựng
kien-truc-canh-quan,Kiến trúc cảnh quan,Kiến trúc - Xây dựng
kien-truc-noi-that,Kiến trúc nội thất,Kiến trúc - Xây dựng
kien-truc-va-thiet-ke-canh-quan,Kiến trúc và Thiết kế cảnh quan,Kiến trúc - Xây dựng
kien-truc-va-noi-that,Kiến trúc và nội thất,Kiến trúc - Xây dựng
kien-truc-va-thiet-ke-do-thi-thong-minh,Kiến trúc và thiết kế đô thị thông minh,Kiến trúc - Xây dựng
kien-truc-do-thi,Kiến trúc đô thị,Kiến trúc - Xây dựng
kien-truc-chuyen-kien-truc-cong-nghe,Kiến trúc/ Chuyên Kiến trúc công nghệ,Kiến trúc - Xây dựng
kien-truc-kien-truc-cong-nghe,Kiến trúc/ Kiến trúc công nghệ,Kiến trúc - Xây dựng
ki-thuat-cong-trinh-xay-dung,Kĩ thuật công trình xây dựng,Kiến trúc - Xây dựng
ky-thuat-ky-thuat-xay-dung,Kỹ thuật ; Kỹ thuật xây dựng ),Kiến trúc - Xây dựng
ky-thuat-ky-thuat-xay-dung-quan-ly-xay-dung,Kỹ thuật ; Kỹ thuật xây dựng; Quản lý xây dựng),Kiến trúc - Xây dựng
ky-thuat-cong-trinh-xay-dung-cong-trinh-giao-thong,Kỹ thuật Công trình xây dựng; Công trình giao thông,Kiến trúc - Xây dựng
ky-thuat-xd-cong-trinh-giao-thong,Kỹ thuật XD công trình giao thông,Kiến trúc - Xây dựng
ky-thuat-xay-dung-cn-ky-thuat-va-quan-ly-xay-dung-do-thi-thong-minh,Kỹ thuật Xây dựng - CN Kỹ thuật và quản lý xây dựng đô thị thông minh,Kiến trúc - Xây dựng
ky-thuat-xay-dung-cn-xay-dung-dd-va-cn,Kỹ thuật Xây dựng - CN Xây dựng DD và CN,Kiến trúc - Xây dựng
ky-thuat-xay-dung-chuong-trinh-viet-nhat,Kỹ thuật Xây dựng - Chương trình Việt Nhật,Kiến trúc - Xây dựng
ky-thuat-xay-dung-ece,Kỹ thuật Xây dựng – ECE,Kiến trúc - Xây dựng
ky-thuat-co-khi-chuyen-co-gioi-hoa-xay-dung,Kỹ thuật cơ khí/ Chuyên Cơ giới hoá xây dựng,Kiến trúc - Xây dựng
ky-thuat-co-khi-chuyen-may-xay-dung,Kỹ thuật cơ khí/ Chuyên Máy xây dựng,Kiến trúc - Xây dựng
ky-thuat-co-khi-chuyen-nganh-co-gioi-hoa-xay-dung,Kỹ thuật cơ khí/ Chuyên ngành Cơ giới hoá xây dựng,Kiến trúc - Xây dựng
ky-thuat-co-khi-chuyen-nganh-may-xay-dung,Kỹ thuật cơ khí/ Chuyên ngành Máy xây dựng,Kiến trúc - Xây dựng
ky-thuat-co-khi-may-xay-dung,Kỹ thuật cơ khí/ Máy xây dựng,Kiến trúc - Xây dựng
ky-thuat-ha-tang-do-thi,Kỹ thuật hạ tầng đô thị),Kiến trúc - Xây dựng
ky-thuat-moi-truong-do-thi,Kỹ thuật môi trường đô thị),Kiến trúc - Xây dựng
ky-thuat-va-quan-ly-xay-dung,Kỹ thuật và quản lý xây dựng,Kiến trúc - Xây dựng
ky-thuat-va-quan-ly-xay-dung-do-thi-thong-minh,Kỹ thuật và quản lý xây dựng đô thị thông minh,Kiến trúc - Xây dựng
ky-thuat-xay-dung,Kỹ thuật xây dựng,Kiến trúc - Xây dựng
ky-thuat-xay-dung-chuong-trinh-du-bi-lien-ket-dai-hoc-la-trobe,Kỹ thuật xây dựng - Chương trình dự bị liên kết Đại học La Trobe,Kiến trúc - Xây dựng
ky-thuat-xay-dung-chuong-trinh-du-bi-dai-hoc-bang-tieng-anh,Kỹ thuật xây dựng - Chương trình dự bị đại học bằng tiếng Anh,Kiến trúc - Xây dựng
ky-thuat-xay-dung-chuong-trinh-lien-ket-dai-hoc-la-trobe,Kỹ thuật xây dựng - Chương trình liên kết Đại học La Trobe,Kiến trúc - Xây dựng
ky-thuat-xay-dung-chuong-trinh-tieu-chuan,Kỹ thuật xây dựng - Chương trình tiêu chuẩn,Kiến trúc - Xây dựng
ky-thuat-xay-dung-chuong-trinh-dai-hoc-bang-tieng-anh,Kỹ thuật xây dựng - Chương trình đại học bằng tiếng Anh,Kiến trúc - Xây dựng
ky-thuat-xay-dung-chat-luong-cao,Kỹ thuật xây dựng - Chất lượng cao,Kiến trúc - Xây dựng
ky-thuat-xay-dung-chuong-chat-luong-cao,Kỹ thuật xây dựng - chương chất lượng cao,Kiến trúc - Xây dựng
ky-thuat-xay-dung-chuong-trinh-clc,Kỹ thuật xây dựng - chương trình CLC,Kiến trúc - Xây dựng
ky-thuat-xay-dung-cong-trinh-giao-thong-xay-dung-cau-duong,Kỹ thuật xây dựng công trình Giao thông/ Xây dựng Cầu đường,Kiến trúc - Xây dựng
ky-thuat-xay-dung-cong-trinh-giao-thong,Kỹ thuật xây dựng công trình giao thông,Kiến trúc - Xây dựng
ky-thuat-xay-dung-cong-trinh-giao-thong-chuong-trinh-tieu-chuan,Kỹ thuật xây dựng công trình giao thông - Chương trình tiêu chuẩn,Kiến trúc - Xây dựng
ky-thuat-xay-dung-cong-trinh-giao-thong-chuyen-xay-dung-cau-duong,Kỹ thuật xây dựng công trình giao thông/ Chuyên Xây dựng Cầu đường,Kiến trúc - Xây dựng
ky-thuat-xay-dung-cong-trinh-giao-thong-chuyen-nganh-xay-dung-cau-duong,Kỹ thuật xây dựng công trình giao thông/ Chuyên ngành Xây dựng Cầu đường,Kiến trúc - Xây dựng
ky-thuat-xay-dung-cong-trinh-giao-thong-duong-sat-toc-do-cao-va-duong-sat-do-thi,Kỹ thuật xây dựng công trình giao thông/ Đường sắt tốc độ cao và đường sắt đô thị,Kiến trúc - Xây dựng
ky-thuat-xay-dung-cong-trinh-thuy,Kỹ thuật xây dựng công trình thuỷ,Kiến trúc - Xây dựng
ky-thuat-xay-dung-con-trinh-giao-thong,Kỹ thuật xây dựng cồn trình giao thông,Kiến trúc - Xây dựng
ky-thuat-xay-dung-dan-dung-va-cong-nghiep,Kỹ thuật xây dựng dân dụng và công nghiệp,Kiến trúc - Xây dựng
ky-thuat-xay-dung-chuyen-he-thong-ky-thuat-trong-cong-trinh,Kỹ thuật xây dựng/ Chuyên Hệ thống kỹ thuật trong công trình,Kiến trúc - Xây dựng
ky-thuat-xay-dung-chuyen-xay-dung-dan-dung-va-cong-nghiep,Kỹ thuật xây dựng/ Chuyên Xây dựng Dân dụng và Công nghiệp,Kiến trúc - Xây dựng
ky-thuat-xay-dung-chuyen-nganh-he-thong-ky-thuat-trong-cong-trinh,Kỹ thuật xây dựng/ Chuyên ngành Hệ thống kỹ thuật trong công trình,Kiến trúc - Xây dựng
ky-thuat-xay-dung-chuyen-nganh-xay-dung-dan-dung-va-cong-nghiep,Kỹ thuật xây dựng/ Chuyên ngành Xây dựng Dân dụng và Công nghiệp,Kiến trúc - Xây dựng
ky-thuat-xay-dung-he-thong-ky-thuat-trong-cong-trinh,Kỹ thuật xây dựng/ Hệ thống kỹ thuật trong công trình,Kiến trúc - Xây dựng
ky-thuat-xay-dung-ky-thuat-cong-trinh-bien,Kỹ thuật xây dựng/ Kỹ thuật công trình biển,Kiến trúc - Xây dựng
ky-thuat-xay-dung-xay-dung-dan-dung-va-cong-nghiep,Kỹ thuật xây dựng/ Xây dựng Dân dụng và Công nghiệp,Kiến trúc - Xây dựng
ky-thuat-xay-dung-ky-thuat-cong-trinh-thuy,Kỹ thuật xây dựng/Kỹ thuật công trình thủy,Kiến trúc - Xây dựng
logistics-va-quan-ly-chuoi-cung-ung-logistics-do-thi,Logistics và Quản lý chuỗi cung ứng/ Logistics đô thị,Kiến trúc - Xây dựng
lam-nghiep-do-thi,Lâm nghiệp đô thị,Kiến trúc - Xây dựng
may-va-thiet-bi-tu-dong-hoa-xay-dung,Máy và thiết bị tự động hóa xây dựng,Kiến trúc - Xây dựng
my-thuat-do-thi,Mỹ thuật đô thị,Kiến trúc - Xây dựng
nong-nghiep-sinh-thai-va-nong-nghiep-do-thi,Nông nghiệp sinh thái và Nông nghiệp đô thị,Kiến trúc - Xây dựng
quy-hoach-kien-truc,Quy hoạch - Kiến trúc,Kiến trúc - Xây dựng
quy-hoach-va-quan-ly-giao-thong,Quy hoạch và quản lý giao thông,Kiến trúc - Xây dựng
quy-hoach-va-quan-ly-giao-thong-logistics-va-ha-tang-giao-thong,Quy hoạch và quản lý giao thông; Logistics và hạ tầng giao thông),Kiến trúc - Xây dựng
quy-hoach-vung-va-do-thi,Quy hoạch vùng và đô thị,Kiến trúc - Xây dựng
quy-hoach-vung-va-do-thi-chuong-trinh-tieu-chuan,Quy hoạch vùng và đô thị - Chương trình tiêu chuẩn,Kiến trúc - Xây dựng
quy-hoach-vung-va-do-thi-chuyen-quy-hoach-kien-truc,Quy hoạch vùng và đô thị/ Chuyên Quy hoạch - Kiến trúc,Kiến trúc - Xây dựng
quy-hoach-vung-do-thi,Quy hoạch vùng đô thị,Kiến trúc - Xây dựng
quan-ly-dat-dai-chuyen-nganh-quan-ly-phat-trien-do-thi-va-bat-dong-san,Quân lý đất đai; chuyên ngành Quản lý phát triển đô thị và bất động sản),Kiến trúc - Xây dựng
quan-ly-cong-trinh-xay-dung,Quản lý công trình xây dựng,Kiến trúc - Xây dựng
quan-ly-du-an-xay-dung,Quản lý dự án xây dựng),Kiến trúc - Xây dựng
quan-ly-phat-trien-do-thi-va-bat-dong-san,Quản lý phát triển đô thị và bất động sản,Kiến trúc - Xây dựng
quan-ly-va-khai-thac-may-xep-do-xay-dung,Quản lý và khai thác Máy xếp dỡ - Xây dựng,Kiến trúc - Xây dựng
quan-ly-va-khai-thac-may-xep-do-xay-dung-chuyen-nganh-co-khi-tu-dong,Quản lý và khai thác Máy xếp dỡ - Xây dựng; chuyên ngành Cơ khí tự động),Kiến trúc - Xây dựng
quan-ly-xay-dung,Quản lý xây dựng,Kiến trúc - Xây dựng
quan-ly-xay-dung-clc,Quản lý xây dựng - CLC,Kiến trúc - Xây dựng
quan-ly-xay-dung-chuong-trinh-hoc-tai-phan-hieu-khanh-hoa,Quản lý xây dựng - Chương trình học tại Phân hiệu Khánh Hòa,Kiến trúc - Xây dựng
quan-ly-xay-dung-chuyen-kinh-te-va-quan-ly-bat-dong-san,Quản lý xây dựng/ Chuyên Kinh tế và quản lý bất động sản,Kiến trúc - Xây dựng
quan-ly-xay-dung-chuyen-kinh-te-va-quan-ly-do-thi,Quản lý xây dựng/ Chuyên Kinh tế và quản lý đô thị,Kiến trúc - Xây dựng
quan-ly-xay-dung-chuyen-quan-ly-ha-tang-dat-dai-do-thi,"Quản lý xây dựng/ Chuyên Quản lý hạ tầng, đất đai đô thị",Kiến trúc - Xây dựng
quan-ly-xay-dung-chuyen-nganh-kinh-te-va-quan-ly-bat-dong-san,Quản lý xây dựng/ Chuyên ngành Kinh tế và quản lý bất động sản,Kiến trúc - Xây dựng
quan-ly-xay-dung-chuyen-nganh-kinh-te-va-quan-ly-do-thi,Quản lý xây dựng/ Chuyên ngành Kinh tế và quản lý đô thị,Kiến trúc - Xây dựng
quan-ly-xay-dung-chuyen-nganh-quan-ly-ha-tang-dat-dai-do-thi,"Quản lý xây dựng/ Chuyên ngành Quản lý hạ tầng, đất đai đô thị",Kiến trúc - Xây dựng
quan-ly-xay-dung-kinh-te-va-quan-ly-bat-dong-san,Quản lý xây dựng/ Kinh tế và quản lý bất động sản,Kiến trúc - Xây dựng
quan-ly-xay-dung-kinh-te-va-quan-ly-do-thi,Quản lý xây dựng/ Kinh tế và quản lý đô thị,Kiến trúc - Xây dựng
quan-ly-xay-dung-kiem-toan-dau-tu-xay-dung,Quản lý xây dựng/ Kiểm toán đầu tư xây dựng,Kiến trúc - Xây dựng
quan-ly-xay-dung-quan-ly-ha-tang-dat-dai-do-thi,Quản lý xây dựng/ Quản lý hạ tầng. đất đai đô thị,Kiến trúc - Xây dựng
quan-ly-do-thi,Quản lý Đô thị,Kiến trúc - Xây dựng
quan-ly-do-thi-va-cong-trinh,Quản lý đô thị và công trình,Kiến trúc - Xây dựng
quan-tri-do-thi-thong-minh-va-ben-vung,Quản trị đô thị thông minh và bền vững,Kiến trúc - Xây dựng
thiet-ke-do-thi,Thiết kế đô thị,Kiến trúc - Xây dựng
xd-ct-giao-thong-ky-thuat,XD CT giao thông kỹ thuật,Kiến trúc - Xây dựng
xd-dan-dung-cong-nghiep,XD dân dụng & công nghiệp,Kiến trúc - Xây dựng
xd-ha-tang-logistics-ky-thuat,XD hạ tầng logistics kỹ thuật,Kiến trúc - Xây dựng
xd-duong-sat-metro,XD đường sắt – metro,Kiến trúc - Xây dựng
xay-dung,Xây Dựng,Kiến trúc - Xây dựng
xay-dung-cau-duong-sat,Xây dựng Cầu - Đường sắt,Kiến trúc - Xây dựng
xay-dung-cong-trinh-giao-thong-do-thi,Xây dựng công trình giao thông đô thị,Kiến trúc - Xây dựng
xay-dung-cong-trinh-ngam-tp-va-he-thong-tau-dien-ngam,Xây dựng công trình ngầm TP và Hệ thống tàu điện ngầm,Kiến trúc - Xây dựng
xay-dung-cong-trinh-ngam-thanh-pho-va-he-thong-tau-dien-ngam,Xây dựng công trình ngầm thành phố và hệ thống tàu điện ngầm,Kiến trúc - Xây dựng
xay-dung-cong-trinh-ngam-do-thi,Xây dựng công trình ngầm đô thị),Kiến trúc - Xây dựng
xay-dung-cong-trinh-ngam-thanh-pho-va-he-thong-tau-dien,Xây dựng công trình ngắm thành phố và Hệ thống tàu điện,Kiến trúc - Xây dựng
xay-dung-cong-trinh-thuy,Xây dựng công trình thủy,Kiến trúc - Xây dựng
xay-dung-cau-duong,Xây dựng cầu đường),Kiến trúc - Xây dựng
xay-dung-cau-duong-clc,Xây dựng cầu đường) - CLC,Kiến trúc - Xây dựng
xay-dung-cau-duong-xay-dung-duong-bo-xay-dung-cong-trinh-giao-thong-do-thi-quy-hoach-va-quan-ly-giao-thong-logistics-va-ha-tang-giao-thong,Xây dựng cầu đường; Xây dựng đường bộ; Xây dựng công trình giao thông đô thị; Quy hoạch và quản lý giao thông; Logistics và hạ tầng giao thông),Kiến trúc - Xây dựng
xay-dung-dan-dung-cong-nghiep,Xây dựng dân dụng & công nghiệp,Kiến trúc - Xây dựng
xay-dung-dan-dung-va-cong-nghiep,Xây dựng dân dụng và công nghiệp,Kiến trúc - Xây dựng
xay-dung-dan-dung-va-cong-nghiep-clc,Xây dựng dân dụng và công nghiệp) - CLC,Kiến trúc - Xây dựng
xay-dung-dan-dung-va-cong-nghiep-ky-thuat-ket-cau-cong-trinh-ky-thuat-nen-mong-va-cong-trinh-ngam-thiet-ke-noi-that,Xây dựng dân dụng và công nghiệp; Kỹ thuật kết cấu công trình; Kỹ thuật nền móng và công trình ngầm; Thiết kế nội thất),Kiến trúc - Xây dựng
xay-dung-dan-dung-va-cong-nghiep-chuyen-nganh-ky-thuat-ket-noi-cong-trinh-chuyen-nganh-ky-thuat-nen-mong-va-cong-trinh-ngam,Xây dựng dân dụng và công nghiệp; chuyên ngành Kỹ thuật kết nối công trình; chuyên ngành Kỹ thuật nền móng và công trình ngầm),Kiến trúc - Xây dựng
xay-dung-ha-tang-do-thi,Xây dựng hạ tầng đô thị),Kiến trúc - Xây dựng
xay-dung-luc-luong-cand,Xây dựng lực lượng CAND,Kiến trúc - Xây dựng
xay-dung-va-phat-trien-cang-hk,Xây dựng và phát triển cảng HK,Kiến trúc - Xây dựng
xay-dung-va-quan-ly-cong-trinh-thuy,Xây dựng và quản lý công trình thủy,Kiến trúc - Xây dựng
xay-dung-va-quan-ly-cang-cong-trinh-giao-thong-thuy,Xây dựng và quản lý cảng - công trình giao thông thủy),Kiến trúc - Xây dựng
xay-dung-va-quan-ly-ha-tang-do-thi,Xây dựng và quản lý hạ tầng đô thị,Kiến trúc - Xây dựng
xay-dung-va-quan-ly-do-thi-thong-minh,Xây dựng và quản lý đô thị thông minh,Kiến trúc - Xây dựng
xay-dung-dang-cqnn,Xây dựng Đảng & CQNN,Kiến trúc - Xây dựng
xay-dung-dang-va-chinh-quyen-nha-nuoc-dao-tao-tai-tphcm,Xây dựng Đảng và Chính quyền Nhà nước - Đào tạo tại TPHCM,Kiến trúc - Xây dựng
xay-dung-dang-va-chinh-quyen-nha-nuoc,Xây dựng Đảng và chính quyền nhà nước,Kiến trúc - Xây dựng
xay-dung-duong-bo,Xây dựng đường bộ,Kiến trúc - Xây dựng
xay-dung-duong-bo-chuyen-nganh-xay-dung-cong-trinh-giao-thong-do-thi-chuyen-nganh-quy-hoach-va-quan-ly-giao-thong,Xây dựng đường bộ; chuyên ngành Xây dựng công trình giao thông đô thị; chuyên ngành Quy hoạch và quản lý giao thông),Kiến trúc - Xây dựng
xay-dung-duong-sat-toc-do-cao-va-duong-sat-do-thi,Xây dựng đường sắt tốc độ cao và đường sắt đô thị,Kiến trúc - Xây dựng
thuoc-nganh-ky-thuat-xay-dung,thuộc ngành Kỹ thuật xây dựng),Kiến trúc - Xây dựng
thuoc-nganh-quan-ly-xay-dung,thuộc ngành Quản lý xây dựng),Kiến trúc - Xây dựng
dh-ky-thuat-xay-dung,ĐH Kỹ thuật xây dựng,Kiến trúc - Xây dựng
do-thi-hoc,Đô thị học,Kiến trúc - Xây dựng
dia-ky-thuat-xay-dung,Địa kỹ thuật xây dựng,Kiến trúc - Xây dựng
an-toan-ve-sinh-lao-dong,"An toàn, Vệ sinh lao động",Kỹ thuật - Công nghệ
bio-technology,Bio-technology,Kỹ thuật - Công nghệ
bien-doi-khi-hau,Biến đổi khí hậu,Kỹ thuật - Công nghệ
bien-doi-khi-hau-va-phat-trien-ben-vung,Biến đổi khí hậu và Phát triển bền vững,Kỹ thuật - Công nghệ
bao-mang-dien-tu,Báo mạng điện tử,Kỹ thuật - Công nghệ
bao-mang-dien-tu-chat-luong-cao,Báo mạng điện tử chất lượng cao,Kỹ thuật - Công nghệ
bao-duong-cong-nghiep,Bảo dưỡng Công nghiệp,Kỹ thuật - Công nghệ
bao-ho-lao-dong,Bảo hộ lao động,Kỹ thuật - Công nghệ
bao-ho-lao-dong-chuong-trinh-hoc-tai-phan-hieu-khanh-hoa,Bảo hộ lao động - Chương trình học tại Phân hiệu Khánh Hòa,Kỹ thuật - Công nghệ
bao-ho-lao-dong-chuong-trinh-tieu-chuan,Bảo hộ lao động - Chương trình tiêu chuẩn,Kỹ thuật - Công nghệ
ck-dien-tu-vien-thong,CK. Điện tử - Viễn thông,Kỹ thuật - Công nghệ
cn-kt-moi-truong,CN KT Môi trường,Kỹ thuật - Công nghệ
cn-kt-dieu-khien-va-tu-dong-hoa,CN KT điều khiển và tự động hóa,Kỹ thuật - Công nghệ
cn-ky-thuat-co-khi,CN kỹ thuật cơ khí,Kỹ thuật - Công nghệ
cn-ky-thuat-co-dien-tu,CN kỹ thuật cơ điện tử,Kỹ thuật - Công nghệ
cn-ky-thuat-o-to,CN kỹ thuật ô tô,Kỹ thuật - Công nghệ
cn-ky-thuat-dien-dien-tu,"CN kỹ thuật điện, điện tử",Kỹ thuật - Công nghệ
cnkt-giao-thong,CNKT Giao thông,Kỹ thuật - Công nghệ
cnkt-co-khi,CNKT cơ khí,Kỹ thuật - Công nghệ
cnkt-co-khi-tau-thuy-va-cong-trinh-noi,CNKT cơ khí tàu thủy và công trình nổi,Kỹ thuật - Công nghệ
cnkt-co-khi-dau-may-toa-xe-va-tau-dien-metro,CNKT cơ khí đầu máy - toa xe và tàu điện Metro,Kỹ thuật - Công nghệ
cnkt-co-dien-tu,CNKT cơ – điện tử,Kỹ thuật - Công nghệ
cnkt-hoa-hoc,CNKT hóa học,Kỹ thuật - Công nghệ
cnkt-moi-truong,CNKT môi trường,Kỹ thuật - Công nghệ
cnkt-nhiet,CNKT nhiệt,Kỹ thuật - Công nghệ
cnkt-nang-luong-tai-tao,CNKT năng lượng tái tạo,Kỹ thuật - Công nghệ
cnkt-oto,CNKT Ôtô,Kỹ thuật - Công nghệ
cnkt-o-to,CNKT ô tô,Kỹ thuật - Công nghệ
cnkt-dk-tu-dong-hoa,CNKT ĐK & tự động hóa,Kỹ thuật - Công nghệ
cnkt-dt-vien-thong,CNKT ĐT - Viễn thông,Kỹ thuật - Công nghệ
cnkt-dieu-khien-tdh,CNKT Điều khiển & TĐH,Kỹ thuật - Công nghệ
cnkt-dien-tu-vien-thong,CNKT Điện tử viễn thông,Kỹ thuật - Công nghệ
cnkt-dau-may-toa-xe-va-tau-dien-metro,CNKT Đầu máy - toa xe và tàu điện Metro,Kỹ thuật - Công nghệ
cnkt-dieu-khien-tu-dong-hoa,CNKT điều khiển & tự động hoá,Kỹ thuật - Công nghệ
cnkt-dieu-khien-va-tu-dong-hoa,CNKT điều khiển và tự động hóa,Kỹ thuật - Công nghệ
cnkt-dien-dien-tu,"CNKT điện, điện tử",Kỹ thuật - Công nghệ
ctdt-toan-hoc,CTĐT Toán học,Kỹ thuật - Công nghệ
chip-ban-dan-va-cong-nghe-dong-goi,Chip bán dẫn và Công nghệ đóng gói,Kỹ thuật - Công nghệ
chuyen-sau-ky-thuat-co-khi,Chuyên sâu Kỹ thuật cơ khí,Kỹ thuật - Công nghệ
chuyen-sau-cong-nghe-ky-thuat-o-to,Chuyên sâu công nghệ kỹ thuật ô tô,Kỹ thuật - Công nghệ
chuong-trinh-lien-ket-quoc-te-cong-nghe-cau-duong-sat-toc-do-cao,Chương trình liên kết quốc tế Công nghệ Cầu - Đường sắt tốc độ cao,Kỹ thuật - Công nghệ
chu-nghia-xa-hoi-khoa-hoc,Chủ nghĩa xã hội khoa học,Kỹ thuật - Công nghệ
cong-nghe-ban-dan,Công nghệ Bán dẫn,Kỹ thuật - Công nghệ
cong-nghe-det-may,Công nghệ Dệt May,Kỹ thuật - Công nghệ
cong-nghe-game,Công nghệ Game,Kỹ thuật - Công nghệ
cong-nghe-inernet-van-vat,Công nghệ Inernet vạn vật,Kỹ thuật - Công nghệ
cong-nghe-interner-van-vat,Công nghệ Interner vạn vật,Kỹ thuật - Công nghệ
cong-nghe-kt-moi-truong,Công nghệ KT Môi trường,Kỹ thuật - Công nghệ
cong-nghe-kt-o-to,Công nghệ KT ô tô,Kỹ thuật - Công nghệ
cong-nghe-kt-dien-dien-tu,"Công nghệ KT Điện, điện tử",Kỹ thuật - Công nghệ
cong-nghe-kt-dieu-khien-va-tu-dong-hoa,Công nghệ KT điều khiển và tự động hóa,Kỹ thuật - Công nghệ
cong-nghe-kt-dien-tu-vien-thong,Công nghệ KT điện tử - viễn thông,Kỹ thuật - Công nghệ
cong-nghe-ky-thuat-o-to-chuong-trinh-viet-nhat,Công nghệ Kỹ thuật Ô tô - Chương trình Việt Nhật,Kỹ thuật - Công nghệ
cong-nghe-ky-thuat-nhiet,Công nghệ Kỹ thuật nhiệt,Kỹ thuật - Công nghệ
cong-nghe-ky-thuat-dien-tu-vien-thong,Công nghệ Kỹ thuật Điện tử - Viễn thông,Kỹ thuật - Công nghệ
cong-nghe-ky-thuat-dieu-khien-tu-dong-hoa,Công nghệ Kỹ thuật điều khiển tự động hóa,Kỹ thuật - Công nghệ
cong-nghe-nano,Công nghệ Nano,Kỹ thuật - Công nghệ
cong-nghe-thuc-pham-chuong-trinh-viet-nhat,Công nghệ Thực phẩm - Chương trình Việt Nhật,Kỹ thuật - Công nghệ
cong-nghe-thuc-pham-va-suc-khoe-efth,Công nghệ Thực phẩm và sức khỏe – EFTH,Kỹ thuật - Công nghệ
cong-nghe-ban-dan-va-nano,Công nghệ bán dẫn và Nano,Kỹ thuật - Công nghệ
cong-nghe-bao-quan-che-bien-va-quan-ly-chat-luong-an-toan-thuc-pham,"Công nghệ bảo quản, chế biến và quản lý chất lượng an toàn thực phẩm",Kỹ thuật - Công nghệ
cong-nghe-che-bien-lam-san,Công nghệ chế biến lâm sàn,Kỹ thuật - Công nghệ
cong-nghe-che-tao-may,Công nghệ chế tạo máy,Kỹ thuật - Công nghệ
cong-nghe-co-dien-cong-trinh,Công nghệ cơ điện công trình),Kỹ thuật - Công nghệ
cong-nghe-dau-khi-va-khai-thac-dau,Công nghệ dầu khí và khai thác dầu,Kỹ thuật - Công nghệ
cong-nghe-giao-duc,Công nghệ giáo dục,Kỹ thuật - Công nghệ
cong-nghe-hang-khong-vu-tru,Công nghệ hàng không vũ trụ,Kỹ thuật - Công nghệ
cong-nghe-hoa-hoc,Công nghệ hóa học,Kỹ thuật - Công nghệ
cong-nghe-hoa-hoc-gom-2-nganh-cong-nghe-ky-thuat-hoa-hoc-ky-thuat-hoa-phan-tich,Công nghệ hóa học gồm 2 ngành: Công nghệ kỹ thuật hóa học; Kỹ thuật hóa phân tích,Kỹ thuật - Công nghệ
cong-nghe-hoa-hoc-va-moi-truong,Công nghệ hóa học và môi trường,Kỹ thuật - Công nghệ
cong-nghe-hoa-thuc-pham,Công nghệ hóa thực phẩm,Kỹ thuật - Công nghệ
cong-nghe-ki-thuat-moi-truong,Công nghệ kĩ thuật môi trường,Kỹ thuật - Công nghệ
cong-nghe-ki-thuat-dien-tu-vien-thong,Công nghệ kĩ thuật điện tử -viễn thông,Kỹ thuật - Công nghệ
cong-nghe-ki-thuat-dien-dien-tu,"Công nghệ kĩ thuật điện, điện tử",Kỹ thuật - Công nghệ
cong-nghe-ky-thuat,Công nghệ kỹ thuật,Kỹ thuật - Công nghệ
cong-nghe-ky-thuat-chip-ban-dan-esct,Công nghệ kỹ thuật Chip bán dẫn – ESCT,Kỹ thuật - Công nghệ
cong-nghe-ky-thuat-tau-thuy-va-thiet-bi-noi,Công nghệ kỹ thuật Tàu thủy và thiết bị nổi,Kỹ thuật - Công nghệ
cong-nghe-ky-thuat-xdct-dd-cn,Công nghệ kỹ thuật XDCT DD&CN,Kỹ thuật - Công nghệ
cong-nghe-ky-thuat-co-khi,Công nghệ kỹ thuật cơ khí,Kỹ thuật - Công nghệ
cong-nghe-ky-thuat-co-dien-tu,Công nghệ kỹ thuật cơ điện tử,Kỹ thuật - Công nghệ
cong-nghe-ky-thuat-co-dien-tu-tren-o-to,Công nghệ kỹ thuật cơ điện tử trên ô tô,Kỹ thuật - Công nghệ
cong-nghe-ky-thuat-co-dien-tu-o-to,Công nghệ kỹ thuật cơ điện tử ô tô,Kỹ thuật - Công nghệ
cong-nghe-ky-thuat-giao,Công nghệ kỹ thuật giao,Kỹ thuật - Công nghệ
cong-nghe-ky-thuat-giao-thong,Công nghệ kỹ thuật giao thông,Kỹ thuật - Công nghệ
cong-nghe-ky-thuat-hoa-hoc,Công nghệ kỹ thuật hoá học,Kỹ thuật - Công nghệ
cong-nghe-ky-thuat-hat-nhan,Công nghệ kỹ thuật hạt nhân,Kỹ thuật - Công nghệ
cong-nghe-ky-thuat-in,Công nghệ kỹ thuật in,Kỹ thuật - Công nghệ
cong-nghe-ky-thuat-khuon-mau,Công nghệ kỹ thuật khuôn mẫu),Kỹ thuật - Công nghệ
cong-nghe-ky-thuat-moi-truong,Công nghệ kỹ thuật môi trường,Kỹ thuật - Công nghệ
cong-nghe-ky-thuat-nhiet-gom-02-chuyen-nganh-cong-nghe-ky-thuat-nhiet-cong-nghe-ky-thuat-nang-luong,Công nghệ kỹ thuật nhiệt gồm 02 chuyên ngành: Công nghệ kỹ thuật nhiệt; Công nghệ kỹ thuật năng lượng,Kỹ thuật - Công nghệ
cong-nghe-ky-thuat-nhiet-gom-03-chuyen-nganh-cong-nghe-ky-thuat-nhiet-cong-nghe-ky-thuat-nang-luong-quan-ly-nang-luong,Công nghệ kỹ thuật nhiệt gồm 03 chuyên ngành: Công nghệ kỹ thuật nhiệt; Công nghệ kỹ thuật năng lượng; Quản lý năng lượng,Kỹ thuật - Công nghệ
cong-nghe-ky-thuat-nang-luong,Công nghệ kỹ thuật năng lượng,Kỹ thuật - Công nghệ
cong-nghe-ky-thuat-nang-luong-tai-tao,Công nghệ kỹ thuật năng lượng tái tạo,Kỹ thuật - Công nghệ
cong-nghe-ky-thuat-o-to,Công nghệ kỹ thuật ô tô,Kỹ thuật - Công nghệ
cong-nghe-ky-thuat-o-to-chuan-quoc-te,Công nghệ kỹ thuật ô tô - Chuẩn quốc tế,Kỹ thuật - Công nghệ
cong-nghe-ky-thuat-o-to-gom-02-chuyen-nganh-cong-nghe-ky-thuat-o-to-cong-nghe-ky-thuat-o-to-dien,Công nghệ kỹ thuật ô tô gồm 02 chuyên ngành: Công nghệ kỹ thuật ô tô; Công nghệ kỹ thuật ô tô điện,Kỹ thuật - Công nghệ
cong-nghe-ky-thuat-o-to-va-co-dien-tu,Công nghệ kỹ thuật ô tô và Cơ điện tử,Kỹ thuật - Công nghệ
cong-nghe-ky-thuat-o-to-va-giao-thong-thong-minh,Công nghệ kỹ thuật ô tô và giao thông thông minh,Kỹ thuật - Công nghệ
cong-nghe-ky-thuat-o-to-dien,Công nghệ kỹ thuật ô tô điện,Kỹ thuật - Công nghệ
cong-nghe-ky-thuat-oto,Công nghệ kỹ thuật ôtô,Kỹ thuật - Công nghệ
cong-nghe-ky-thuat-oto-cong-nghe-ky-thuat-o-to-cong-nghe-ky-thuat-o-to-dien,Công nghệ kỹ thuật ôtô - Công nghệ kỹ thuật ô tô - Công nghệ kỹ thuật ô tô điện,Kỹ thuật - Công nghệ
cong-nghe-ky-thuat-dien-dien-dien-tu,Công nghệ kỹ thuật Điện - Điện điện tử,Kỹ thuật - Công nghệ
cong-nghe-ky-thuat-dieu-khien,Công nghệ kỹ thuật điều khiển,Kỹ thuật - Công nghệ
cong-nghe-ky-thuat-dieu-khien-va-tdh,Công nghệ kỹ thuật điều khiển và TĐH,Kỹ thuật - Công nghệ
cong-nghe-ky-thuat-dieu-khien-va-tu-dong-hoa,Công nghệ kỹ thuật điều khiển và tự động hoá,Kỹ thuật - Công nghệ
cong-nghe-ky-thuat-dieu-khien-va-tu-dong-hoa-gom-02-chuyen-nganh-cong-nghe-ky-thuat-dieu-khien-va-tu-dong-hoa-robot-va-he-thong-dieu-khien-thong-minh,Công nghệ kỹ thuật điều khiển và tự động hoá gồm 02 chuyên ngành: Công nghệ kỹ thuật điều khiển và tự động hóa; Robot và hệ thống điều khiển thông minh,Kỹ thuật - Công nghệ
cong-nghe-ky-thuat-dien-tu-vien-thong-chuong-trinh,Công nghệ kỹ thuật điện tử - viễn thông Chương trình,Kỹ thuật - Công nghệ
cong-nghe-ky-thuat-dien-tu-vien-thong-gom-02-chuyen-nganh-dien-tu-cong-nghiep-dien-tu-vien-thong,Công nghệ kỹ thuật điện tử - viễn thông gồm 02 chuyên ngành: Điện tử công nghiệp; Điện tử viễn thông,Kỹ thuật - Công nghệ
cong-nghe-ky-thuat-dien-tu-vien-thong-gom-2-chuyen-nganh-dien-tu-cong-nghiep-ky-thuat-dien-tu-vien-thong,"Công nghệ kỹ thuật điện tử - viễn thông gồm 2 chuyên ngành: Điện tử công nghiệp; Kỹ thuật điện tử, viễn thông",Kỹ thuật - Công nghệ
cong-nghe-ky-thuat-dien-tu-y-sinh,Công nghệ kỹ thuật điện tử y sinh,Kỹ thuật - Công nghệ
cong-nghe-ky-thuat-dien-tu,Công nghệ kỹ thuật điện tử),Kỹ thuật - Công nghệ
cong-nghe-ky-thuat-dien,Công nghệ kỹ thuật điện),Kỹ thuật - Công nghệ
cong-nghe-ky-thuat-dien-dien-tu,"Công nghệ kỹ thuật điện, điện tử",Kỹ thuật - Công nghệ
cong-nghe-ky-thuat-dien-dien-tu-cong-nghe-ky-thuat-dien-dien-tu-cong-nghe-ky-thuat-vi-mach,"Công nghệ kỹ thuật điện, điện tử - Công nghệ kỹ thuật diện, diện tử - Công nghệ kỹ thuật vi mạch",Kỹ thuật - Công nghệ
cong-nghe-ky-thuat-dien-dien-tu-gom-03-chuyen-nganh-cong-nghe-ky-thuat-dien-dien-tu-nang-luong-tai-tao-dien-hat-nhan,"Công nghệ kỹ thuật điện, điện tử gồm 03 chuyên ngành: Công nghệ kỹ thuật điện, điện tử; Năng lượng tái tạo; Điện hạt nhân",Kỹ thuật - Công nghệ
cong-nghe-ky-thuat-dien-dien-tu-gom-2-chuyen-nganh-cong-nghe-ky-thuat-dien-dien-tu-nang-luong-tai-tao,"Công nghệ kỹ thuật điện, điện tử gồm 2 chuyên ngành: Công nghệ kỹ thuật điện, điện tử; Năng lượng tái tạo.",Kỹ thuật - Công nghệ
cong-nghe-ky-thuat-dien-dien-tu-gom-02-chuyen-nganh-cong-nghe-ky-thuat-dien-dien-tu-nang-luong-tai-tao,Công nghệ kỹ thuật điện; điện tử gồm 02 chuyên ngành: Công nghệ kỹ thuật điện; điện tử; Năng lượng tái tạo,Kỹ thuật - Công nghệ
cong-nghe-ky-thuat-den-dien-tu,"Công nghệ kỹ thuật đện, điện tử",Kỹ thuật - Công nghệ
cong-nghe-may,Công nghệ may,Kỹ thuật - Công nghệ
cong-nghe-nghe-thuat,Công nghệ nghệ thuật,Kỹ thuật - Công nghệ
cong-nghe-quan-trac-va-giam-sat-tai-nguyen-moi-truong,Công nghệ quan trắc và giám sát tài nguyên môi trường,Kỹ thuật - Công nghệ
cong-nghe-rau-hoa-qua-va-canh-quan,Công nghệ rau hoa quả và cảnh quan,Kỹ thuật - Công nghệ
cong-nghe-sau-thu-hoach,Công nghệ sau thu hoạch,Kỹ thuật - Công nghệ
cong-nghe-sinh-hoc,Công nghệ sinh học,Kỹ thuật - Công nghệ
cong-nghe-sinh-hoc-chuong-trinh-du-bi-dai-hoc-bang-tieng-anh,Công nghệ sinh học - Chương trình dự bị đại học bằng tiếng Anh,Kỹ thuật - Công nghệ
cong-nghe-sinh-hoc-chuong-trinh-tieu-chuan,Công nghệ sinh học - Chương trình tiêu chuẩn,Kỹ thuật - Công nghệ
cong-nghe-sinh-hoc-chuong-trinh-dai-hoc-bang-tieng-anh,Công nghệ sinh học - Chương trình đại học bằng tiếng Anh,Kỹ thuật - Công nghệ
cong-nghe-sinh-hoc-chat-luong-cao,Công nghệ sinh học - Chất lượng cao,Kỹ thuật - Công nghệ
cong-nghe-sinh-hoc-phat-trien-thuoc,Công nghệ sinh học - Phát triển thuốc,Kỹ thuật - Công nghệ
cong-nghe-sinh-hoc-chuong-trinh-clc,Công nghệ sinh học - chương trình CLC,Kỹ thuật - Công nghệ
cong-nghe-sinh-hoc-clc,Công nghệ sinh học CLC,Kỹ thuật - Công nghệ
cong-nghe-sinh-hoc-trong-thuc-pham,Công nghệ sinh học trong thực phẩm,Kỹ thuật - Công nghệ
cong-nghe-so-trong-tham-do-va-khai-thac-tai-nguyen-thien,Công nghệ số trong thăm dò và khai thác tài nguyên thiên,Kỹ thuật - Công nghệ
cong-nghe-so-trong-tham-do-va-khai-thac-tai-nguyen-thien-nhien,Công nghệ số trong thăm dò và khai thác tài nguyên thiên nhiên,Kỹ thuật - Công nghệ
cong-nghe-soi-det,"Công nghệ sợi, dệt",Kỹ thuật - Công nghệ
cong-nghe-tham-my,Công nghệ thẩm mỹ,Kỹ thuật - Công nghệ
cong-nghe-thuc-pham,Công nghệ thực phẩm,Kỹ thuật - Công nghệ
cong-nghe-thuc-pham-va-che-bien,Công nghệ thực phẩm và Chế biến,Kỹ thuật - Công nghệ
cong-nghe-thuc-pham-va-suc-khoe,Công nghệ thực phẩm và sức khỏe,Kỹ thuật - Công nghệ
cong-nghe-tu-dong-hoa,Công nghệ tự động hóa,Kỹ thuật - Công nghệ
cong-nghe-va-quan-ly-moi-truong,Công nghệ và quản lý môi trường,Kỹ thuật - Công nghệ
cong-nghe-va-doi-moi-sang-tao,Công nghệ và đổi mới sáng tạo,Kỹ thuật - Công nghệ
cong-nghe-vat-lieu,Công nghệ vật liệu,Kỹ thuật - Công nghệ
cong-nghe-vat-lieu-polyme-va-compozit,Công nghệ vật liệu Polyme và Compozit,Kỹ thuật - Công nghệ
cong-nghe-vat-lieu-det-may,"Công nghệ vật liệu dệt, may",Kỹ thuật - Công nghệ
cong-nghe-o-to,Công nghệ ô tô,Kỹ thuật - Công nghệ
cong-nghe-o-to-so,Công nghệ ô tô số),Kỹ thuật - Công nghệ
cong-nghe-o-to-va-giao-thong-thong-minh,Công nghệ ô tô và giao thông thông minh,Kỹ thuật - Công nghệ
cong-nghe-o-to-dien,Công nghệ ô tô điện,Kỹ thuật - Công nghệ
cong-nghe-o-to-dien-va-o-to-hybrid,Công nghệ ô tô điện và ô tô hybrid,Kỹ thuật - Công nghệ
cong-nghe-oto,Công nghệ ôtô,Kỹ thuật - Công nghệ
cong-nghe-oto-va-giao-thong-thong-minh,Công nghệ ôtô và giao thông thông minh,Kỹ thuật - Công nghệ
cong-nghe-dien-dien-tu,"Công nghệ Điện, Điện tử",Kỹ thuật - Công nghệ
cong-nghe-dien-lanh-va-dieu-hoa-khong-khi,Công nghệ điện lạnh và điều hòa không khí),Kỹ thuật - Công nghệ
cong-nghe-dien-tu-ban-dan-va-vi-mach,"Công nghệ điện từ, bản dẫn và vi mạch)",Kỹ thuật - Công nghệ
cong-nghe-dien-tu-vien-thong,Công nghệ điện tử - viễn thông,Kỹ thuật - Công nghệ
cong-nghe-dien-tu-vi-mach-va-ban-dan,"Công nghệ điện tử, vi mạch và bán dẫn",Kỹ thuật - Công nghệ
cong-trinh-giao-thong-co-so-ha-tang,Công trình giao thông & cơ sở hạ tầng,Kỹ thuật - Công nghệ
cong-trinh-giao-thong-va-co-so-ha-tang,Công trình giao thông và cơ sở hạ tầng,Kỹ thuật - Công nghệ
co-khi-che-tao-may,Cơ khí - Chế tạo máy,Kỹ thuật - Công nghệ
co-khi-che-tao-may-griffith,Cơ khí Chế tạo máy-Griffith,Kỹ thuật - Công nghệ
co-khi-hang-khong-viet-phap,Cơ khí Hàng không Việt-Pháp,Kỹ thuật - Công nghệ
co-khi-che-tao,Cơ khí chế tạo),Kỹ thuật - Công nghệ
co-khi-hang-khong,Cơ khí hàng không,Kỹ thuật - Công nghệ
co-khi-tu-dong,Cơ khí tự động,Kỹ thuật - Công nghệ
co-khi-tu-dong-clc,Cơ khí tự động) – CLC,Kỹ thuật - Công nghệ
co-khi-o-to,Cơ khí ô tô),Kỹ thuật - Công nghệ
co-khi-o-to-clc,Cơ khí ô tô) – CLC,Kỹ thuật - Công nghệ
co-khi-dong-luc,Cơ khí động lực,Kỹ thuật - Công nghệ
co-khi-dong-luc-o-to,Cơ khí động lực - ô tô,Kỹ thuật - Công nghệ
co-ky-thuat,Cơ kỹ thuật,Kỹ thuật - Công nghệ
co-dien-tu,Cơ điện tử,Kỹ thuật - Công nghệ
co-dien-tu-thong-minh-va-san-xuat-theo-phuong-thuc-nhat-ban-emjm,Cơ điện tử thông minh và sản xuất theo phương thức Nhật Bản – EMJM,Kỹ thuật - Công nghệ
co-dien-tu-o-to,Cơ điện tử ô tô),Kỹ thuật - Công nghệ
co-dien-tu-o-to-clc,Cơ điện tử ô tô) - CLC,Kỹ thuật - Công nghệ
co-dien-tu-clc,Cơ điện tử) – CLC,Kỹ thuật - Công nghệ
co-dien-tu-leibniz-hannover,Cơ điện tử-Leibniz Hannover,Kỹ thuật - Công nghệ
co-dien-tu-nagaoka,Cơ điện tử-Nagaoka,Kỹ thuật - Công nghệ
canh-quan-va-ky-thuat-hoa-vien,Cảnh quan và kỹ thuật hoa viên,Kỹ thuật - Công nghệ
cap-thoat-nuoc-va-moi-truong-nuoc,Cấp thoát nước và môi trường nước),Kỹ thuật - Công nghệ
hoa-hoc,Hóa học,Kỹ thuật - Công nghệ
hoa-hoc-vat-lieu-moi,Hóa học Vật liệu mới),Kỹ thuật - Công nghệ
hai-duong-hoc,Hải dương học,Kỹ thuật - Công nghệ
he-thong-dien-va-nang-luong-tai-tao,Hệ thống điện và năng lượng tái tạo,Kỹ thuật - Công nghệ
khkt-vat-lieu,KHKT Vật liệu,Kỹ thuật - Công nghệ
khoa-hoc-moi-truong,KHOA HỌC MÔI TRƯỜNG,Kỹ thuật - Công nghệ
ktdk-va-tu-dong-hoa,KTĐK và Tự động hóa,Kỹ thuật - Công nghệ
khai-thac-may-tau-bien,Khai thác máy tàu biển,Kỹ thuật - Công nghệ
khai-thac-may-tau-thuy-va-quan-ly-ky-thuat,Khai thác máy tàu thủy và quản lý kỹ thuật),Kỹ thuật - Công nghệ
khai-thac-may-tau-thuy-va-quan-ly-ky-thuat-clc,Khai thác máy tàu thủy và quản lý kỹ thuật) - CLC,Kỹ thuật - Công nghệ
khai-thac-van-tai,Khai thác vận tải,Kỹ thuật - Công nghệ
khai-thac-van-tai-clc,Khai thác vận tải - CLC,Kỹ thuật - Công nghệ
khoa-hoc-quan-ly-mt,Khoa học & Quản lý MT,Kỹ thuật - Công nghệ
khoa-hoc-quan-ly-moi-truong,Khoa học & Quản lý môi trường,Kỹ thuật - Công nghệ
khoa-hoc-giao-duc-va-khac,Khoa học Giáo dục và Khác,Kỹ thuật - Công nghệ
khoa-hoc-moi-truong-ung-dung,Khoa học Môi trường Ứng dụng,Kỹ thuật - Công nghệ
khoa-hoc-tu-nhien-tich-hop-stem,Khoa học Tự nhiên tích hợp STEM,Kỹ thuật - Công nghệ
khoa-hoc-vu-tru-va-cong-nghe-ve-tinh,Khoa học Vũ trụ và Công nghệ Vệ tinh,Kỹ thuật - Công nghệ
khoa-hoc-che-bien-mon-an,Khoa học chế biến món ăn,Kỹ thuật - Công nghệ
khoa-hoc-hang-hai,Khoa học hàng hải,Kỹ thuật - Công nghệ
khoa-hoc-moi-truong-chuong-trinh-tieu-chuan,Khoa học môi trường - Chương trình tiêu chuẩn,Kỹ thuật - Công nghệ
khoa-hoc-moi-truong-cong-nghe-moi-truong-an-toan-suc-khoe-va-moi-truong-nang-luong-xanh-va-sinh-thai-moi-truong,"Khoa học môi trường - Công nghệ môi trường - An toàn, sức khỏe và Môi trường - Năng lượng xanh và Sinh thái môi trường",Kỹ thuật - Công nghệ
khoa-hoc-quan-ly,Khoa học quản lý,Kỹ thuật - Công nghệ
khoa-hoc-su-song-va-hoa-hoc-cong-nghe-sinh-hoc,Khoa học sự sống và Hóa học ; Công nghệ sinh học,Kỹ thuật - Công nghệ
khoa-hoc-su-song-va-hoa-hoc-ky-thuat-hoa-hoc,Khoa học sự sống và Hóa học ; Kỹ thuật hóa học),Kỹ thuật - Công nghệ
khoa-hoc-thong-tin-dia-khong-gian,Khoa học thông tin địa không gian,Kỹ thuật - Công nghệ
khoa-hoc-va-ki-thuat-may-tinh,Khoa học và Kĩ thuật máy tính,Kỹ thuật - Công nghệ
khoa-hoc-va-ky-thuat-vat-lieu,Khoa học và Kỹ thuật Vật liệu,Kỹ thuật - Công nghệ
khoa-hoc-va-cong-nghe-thuc-pham,Khoa học và công nghệ thực phẩm*,Kỹ thuật - Công nghệ
khoa-hoc-va-quan-ly-moi-truong,Khoa học và quản lý môi trường,Kỹ thuật - Công nghệ
khoa-hoc-vat-lieu,Khoa học vật liệu,Kỹ thuật - Công nghệ
khoa-hoc-vat-lieu-tien-tien-va-cong-nghe-nano,Khoa học vật liệu tiên tiến và Công nghệ Nano,Kỹ thuật - Công nghệ
khoa-hoc-y-sinh,Khoa học y sinh,Kỹ thuật - Công nghệ
khoa-hoc-dat,Khoa học đất,Kỹ thuật - Công nghệ
ky-thuat-dieu-khien-tu-dong-hoa-chuong-trinh-viet-nhat,Kỹ thuật Điều khiển & Tự động hóa - Chương trình Việt Nhật,Kỹ thuật - Công nghệ
ky-thuat-trac-dia-ban-do,Ký thuật trắc địa - bản đồ,Kỹ thuật - Công nghệ
ki-thuat-hoa-hoc,Kĩ thuật hóa học,Kỹ thuật - Công nghệ
ki-thuat-moi-truong,Kĩ thuật môi trường,Kỹ thuật - Công nghệ
ki-thuat-dien-tu-vien-thong,Kĩ thuật điện tử - viễn thông,Kỹ thuật - Công nghệ
ki-thuat-dien-va-nang-luong-tai-tao,Kĩ thuật điện và Năng lượng tái tạo,Kỹ thuật - Công nghệ
ki-thuat-dien-dien-tu,Kĩ thuật điện – Điện tử,Kỹ thuật - Công nghệ
ky-thuat-khong-gian,Kỹ Thuật Không Gian,Kỹ thuật - Công nghệ
ky-thuat-mo,Kỹ Thuật Mỏ,Kỹ thuật - Công nghệ
ky-thuat-nhiet,Kỹ Thuật Nhiệt,Kỹ thuật - Công nghệ
ky-thuat-y-sinh,Kỹ Thuật Y Sinh),Kỹ thuật - Công nghệ
ky-thuat-hau-can,Kỹ thuật - Hậu cần,Kỹ thuật - Công nghệ
ky-thuat-cand,Kỹ thuật CAND,Kỹ thuật - Công nghệ
ky-thuat-co-khi-dong-luc,Kỹ thuật Cơ khí động lực,Kỹ thuật - Công nghệ
ky-thuat-co-khi-gom-cac-nganh-ky-thuat-co-khi-cong-nghe-che-tao-may,"Kỹ thuật Cơ khí: Gồm các ngành: Kỹ thuật cơ khí, Công nghệ chế tạo máy",Kỹ thuật - Công nghệ
ky-thuat-cap-thoat-nuoc-chuyen-ky-thuat-nuoc-moi-truong-nuoc,Kỹ thuật Cấp thoát nước / Chuyên Kỹ thuật nước - Môi trường nước,Kỹ thuật - Công nghệ
ky-thuat-cap-thoat-nuoc-chuyen-nganh-ky-thuat-nuoc-moi-truong-nuoc,Kỹ thuật Cấp thoát nước / Chuyên ngành Kỹ thuật nước - Môi trường nước,Kỹ thuật - Công nghệ
ky-thuat-cap-thoat-nuoc-ky-thuat-nuoc-moi-truong-nuoc,Kỹ thuật Cấp thoát nước/ Kỹ thuật nước - Môi trường nước,Kỹ thuật - Công nghệ
ky-thuat-dau-khi,Kỹ thuật Dầu khí,Kỹ thuật - Công nghệ
ky-thuat-det-may,Kỹ thuật Dệt May,Kỹ thuật - Công nghệ
ky-thuat-det-cong-nghe-may,Kỹ thuật Dệt; Công nghệ May,Kỹ thuật - Công nghệ
ky-thuat-giao-thong-thong-minh,Kỹ thuật Giao thông thông minh,Kỹ thuật - Công nghệ
ky-thuat-hang-khong,Kỹ thuật Hàng Không,Kỹ thuật - Công nghệ
ky-thuat-hoa-hoc,Kỹ thuật Hóa học,Kỹ thuật - Công nghệ
ky-thuat-hoa-hoc-cong-nghe-thuc-pham-cong-nghe-sinh-hoc,Kỹ thuật Hóa học; Công nghệ Thực phẩm; Công nghệ Sinh học,Kỹ thuật - Công nghệ
ky-thuat-hat-nhan,Kỹ thuật Hạt nhân,Kỹ thuật - Công nghệ
ky-thuat-in,Kỹ thuật In,Kỹ thuật - Công nghệ
ky-thuat-moi-truong-quan-ly-tai-nguyen-va-moi-truong,Kỹ thuật Môi trường; Quản lý Tài nguyên và Môi trường,Kỹ thuật - Công nghệ
ky-thuat-robot,Kỹ thuật RoBot,Kỹ thuật - Công nghệ
ky-thuat-robot-va-dieu-khien-thong-minh,Kỹ thuật Robot và Điều khiển thông minh,Kỹ thuật - Công nghệ
ky-thuat-thuc-pham,Kỹ thuật Thực phẩm,Kỹ thuật - Công nghệ
ky-thuat-tau-thuy-ky-thuat-hang-khong,Kỹ thuật Tàu thủy; Kỹ thuật Hàng không,Kỹ thuật - Công nghệ
ky-thuat-vi-dien-tu-va-cong-nghe-nano,Kỹ thuật Vi điện tử và Công nghệ nano,Kỹ thuật - Công nghệ
ky-thuat-vat-lieu,Kỹ thuật Vật liệu,Kỹ thuật - Công nghệ
ky-thuat-an-toan-hang-hai,Kỹ thuật an toàn hàng hải,Kỹ thuật - Công nghệ
ky-thuat-bien,Kỹ thuật biển,Kỹ thuật - Công nghệ
ky-thuat-bao-duong-tau-bay,Kỹ thuật bảo dưỡng tàu bay,Kỹ thuật - Công nghệ
ky-thuat-che-tao-may-va-cong-nghiep,Kỹ thuật chế tạo máy và công nghiệp,Kỹ thuật - Công nghệ
ky-thuat-cong-nghiep,Kỹ thuật công nghiệp,Kỹ thuật - Công nghệ
ky-thuat-cong-nghiep-dai-tra,Kỹ thuật công nghiệp Đại trà),Kỹ thuật - Công nghệ
ky-thuat-cong-nghe-hoa-hoc,Kỹ thuật công nghệ hóa học,Kỹ thuật - Công nghệ
ky-thuat-co-khi,Kỹ thuật cơ khí,Kỹ thuật - Công nghệ
ky-thuat-co-khi-co-khi-dong-luc,Kỹ thuật cơ khí - Cơ khí động lực,Kỹ thuật - Công nghệ
ky-thuat-co-khi-chuyen-nghanh-co-khi-hang-khong,Kỹ thuật cơ khí - chuyên nghành Cơ khí hàng không,Kỹ thuật - Công nghệ
ky-thuat-co-khi-cttt,Kỹ thuật cơ khí-CTTT,Kỹ thuật - Công nghệ
ky-thuat-co-khi-chuyen-ky-thuat-co-dien,Kỹ thuật cơ khí/ Chuyên Kỳ thuật cơ điện,Kỹ thuật - Công nghệ
ky-thuat-co-khi-chuyen-ky-thuat-o-to,Kỹ thuật cơ khí/ Chuyên Kỹ thuật ô tô,Kỹ thuật - Công nghệ
ky-thuat-co-khi-chuyen-nganh-ky-thuat-co-dien,Kỹ thuật cơ khí/ Chuyên ngành Kỹ thuật cơ điện,Kỹ thuật - Công nghệ
ky-thuat-co-khi-chuyen-nganh-ky-thuat-o-to,Kỹ thuật cơ khí/ Chuyên ngành Kỹ thuật ô tô,Kỹ thuật - Công nghệ
ky-thuat-co-khi-ky-thuat-co-dien,Kỹ thuật cơ khí/ Kỹ thuật cơ điện,Kỹ thuật - Công nghệ
ky-thuat-co-khi-ky-thuat-o-to,Kỹ thuật cơ khí/ Kỹ thuật ô tô,Kỹ thuật - Công nghệ
ky-thuat-co-khi-2-chuyen-nganh-co-khi-che-tao-may-co-khi-o-to,Kỹ thuật cơ khí; 2 chuyên ngành: Cơ khí chế tạo máy; Cơ khí ô tô.,Kỹ thuật - Công nghệ
ky-thuat-co-so-ha-tang,Kỹ thuật cơ sở hạ tầng,Kỹ thuật - Công nghệ
ky-thuat-co-dien-tu,Kỹ thuật cơ điện tử,Kỹ thuật - Công nghệ
ky-thuat-co-dien-tu-chuong-trinh-tieu-chuan,Kỹ thuật cơ điện tử - Chương trình tiêu chuẩn,Kỹ thuật - Công nghệ
ky-thuat-co-dien-tu-thong-minh-va-robot,Kỹ thuật cơ điện tử thông minh và robot,Kỹ thuật - Công nghệ
ky-thuat-co-dien-tu-va-robot,Kỹ thuật cơ điện tử và robot,Kỹ thuật - Công nghệ
ky-thuat-cap-thoat-nuoc,Kỹ thuật cấp thoát nước,Kỹ thuật - Công nghệ
ky-thuat-du-lieu,Kỹ thuật dữ liệu,Kỹ thuật - Công nghệ
ky-thuat-go-va-noi-that,Kỹ thuật gỗ và nội thất,Kỹ thuật - Công nghệ
ky-thuat-hang-khong-chuong-trinh-hoc-tieng-anh,Kỹ thuật hàng không - Chương trình học Tiếng Anh,Kỹ thuật - Công nghệ
ky-thuat-hoa-hoc-chuong-trinh-tieu-chuan,Kỹ thuật hóa học - Chương trình tiêu chuẩn,Kỹ thuật - Công nghệ
ky-thuat-hoa-hoc-chat-luong-cao,Kỹ thuật hóa học - Chất lượng cao,Kỹ thuật - Công nghệ
ky-thuat-hoa-moi-truong,Kỹ thuật hóa môi trường,Kỹ thuật - Công nghệ
ky-thuat-hoa-phan-tich,Kỹ thuật hóa phân tích,Kỹ thuật - Công nghệ
ky-thuat-he-thong-cong-nghiep,Kỹ thuật hệ thống công nghiệp,Kỹ thuật - Công nghệ
ky-thuat-khi-thien-nhien,Kỹ thuật khí thiên nhiên,Kỹ thuật - Công nghệ
ky-thuat-ket-cau-cong-trinh,Kỹ thuật kết cấu công trình,Kỹ thuật - Công nghệ
ky-thuat-moi-truong,Kỹ thuật môi trường,Kỹ thuật - Công nghệ
ky-thuat-moi-truong-quan-ly-an-toan-va-moi-truong,Kỹ thuật môi trường; Quản lý an toàn và môi trường),Kỹ thuật - Công nghệ
ky-thuat-nhiet-lanh,Kỹ thuật nhiệt lạnh,Kỹ thuật - Công nghệ
ky-thuat-nang-luong,Kỹ thuật năng lượng,Kỹ thuật - Công nghệ
ky-thuat-nen-mong-va-cong-trinh-ngam,Kỹ thuật nền móng vá công trình ngầm,Kỹ thuật - Công nghệ
ky-thuat-phuong-tien-duong-sat-toc-do-cao,Kỹ thuật phương tiện đường sắt tốc độ cao),Kỹ thuật - Công nghệ
ky-thuat-phuc-hinh-rang,Kỹ thuật phục hình răng,Kỹ thuật - Công nghệ
ky-thuat-phuc-hoi-hinh-rang,Kỹ thuật phục hồi hình răng,Kỹ thuật - Công nghệ
ky-thuat-quy-trinh-san-xuat-ben-vung,Kỹ thuật quy trình sản xuất bền vững,Kỹ thuật - Công nghệ
ky-thuat-quy-trinh-va-moi-truong,Kỹ thuật quy trình và môi trường,Kỹ thuật - Công nghệ
ky-thuat-sinh-hoc,Kỹ thuật sinh học,Kỹ thuật - Công nghệ
ky-thuat-sinh-hoc-thuc-pham,Kỹ thuật sinh học thực phẩm),Kỹ thuật - Công nghệ
ky-thuat-san-xuat-thong-minh,Kỹ thuật sản xuất thông minh,Kỹ thuật - Công nghệ
ky-thuat-thiet-bi-bay-khong-nguoi-lai,Kỹ thuật thiết bị bay không người lái,Kỹ thuật - Công nghệ
ky-thuat-thuc-pham-va-ky-thuat-sinh-hoc-thuc-pham,Kỹ thuật thực phẩm và Kỹ thuật sinh học thực phẩm),Kỹ thuật - Công nghệ
ky-thuat-tuyen-khoang,Kỹ thuật tuyển khoáng,Kỹ thuật - Công nghệ
ky-thuat-tai-nguyen-nuoc,Kỹ thuật tài nguyên nước,Kỹ thuật - Công nghệ
ky-thuat-tau-thuy,Kỹ thuật tàu thủy,Kỹ thuật - Công nghệ
ky-thuat-tau-thuy-cong-trinh-noi-va-quan-ly-he-thong-cong-nghiep,"Kỹ thuật tàu thủy, công trình nổi và quản lý hệ thống công nghiệp)",Kỹ thuật - Công nghệ
ky-thuat-vi-dien-tu-va-vat-ly-ban-dan,Kỹ thuật vi điện tử và vật lý bán dẫn,Kỹ thuật - Công nghệ
ky-thuat-xet-nghiem,Kỹ thuật xét nghiệm,Kỹ thuật - Công nghệ
ky-thuat-o-to,Kỹ thuật ô tô,Kỹ thuật - Công nghệ
ky-thuat-o-to-dien,Kỹ thuật ô tô điện,Kỹ thuật - Công nghệ
ky-thuat-o-to-co-dien-tu-o-to,"Kỹ thuật ô tô, Cơ điện tử ô tô)",Kỹ thuật - Công nghệ
ky-thuat-dieu-khien-va-tu-dong-hoa,Kỹ thuật Điều khiển và tự động hóa,Kỹ thuật - Công nghệ
ky-thuat-dien-tu-vien-thong,Kỹ thuật Điện tử viễn thông,Kỹ thuật - Công nghệ
ky-thuat-dien-va-tu-dong-hoa,Kỹ thuật Điện và Tự động hóa,Kỹ thuật - Công nghệ
ky-thuat-dien-ky-thuat-dien-tu-vien-thong-ky-thuat-dieu-khien-va-tu-dong-hoa,Kỹ thuật Điện; Kỹ thuật Điện tử - Viễn thông; Kỹ thuật Điều khiển và Tự động hóa,Kỹ thuật - Công nghệ
ky-thuat-dia-chat,Kỹ thuật Địa chất,Kỹ thuật - Công nghệ
ky-thuat-dia-chat-ky-thuat-dau-khi,Kỹ thuật Địa chất; Kỹ thuật Dầu khí,Kỹ thuật - Công nghệ
ky-thuat-dia-vat-ly,Kỹ thuật Địa vật lý,Kỹ thuật - Công nghệ
ky-thuat-dieu-khien-tu-dong-hoa,Kỹ thuật điều khiển Tự động hóa,Kỹ thuật - Công nghệ
ky-thuat-dieu-khien-va-tdh,Kỹ thuật điều khiển và TĐH,Kỹ thuật - Công nghệ
ky-thuat-dieu-khien-va-tu-dong-hoa-chuong-trinh-du-bi-dai-hoc-bang-tieng-anh,Kỹ thuật điều khiển và tự động hóa - Chương trình dự bị đại học bằng tiếng Anh,Kỹ thuật - Công nghệ
ky-thuat-dieu-khien-va-tu-dong-hoa-chuong-trinh-tieu-chuan,Kỹ thuật điều khiển và tự động hóa - Chương trình tiêu chuẩn,Kỹ thuật - Công nghệ
ky-thuat-dieu-khien-va-tu-dong-hoa-chuong-trinh-dai-hoc-bang-tieng-anh,Kỹ thuật điều khiển và tự động hóa - Chương trình đại học bằng tiếng Anh,Kỹ thuật - Công nghệ
ky-thuat-dieu-khien-va-tu-dong-hoa-chat-luong-cao,Kỹ thuật điều khiển và tự động hóa - Chất lượng cao,Kỹ thuật - Công nghệ
ky-thuat-dieu-khien-va-tu-dong-hoa-chuong-trinh-clc,Kỹ thuật điều khiển và tự động hóa - chương trình CLC,Kỹ thuật - Công nghệ
ky-thuat-dieu-khien-va-tu-dong-hoa-clc,Kỹ thuật điều khiển và tự động hóa – CLC,Kỹ thuật - Công nghệ
ky-thuat-dieu-kien-va-tu-dong-hoa,Kỹ thuật điều kiển và tự động hoá,Kỹ thuật - Công nghệ
ky-thuat-dien,Kỹ thuật điện,Kỹ thuật - Công nghệ
ky-thuat-dien-may-tinh,Kỹ thuật điện & máy tính,Kỹ thuật - Công nghệ
ky-thuat-dien-cttt,Kỹ thuật điện - CTTT,Kỹ thuật - Công nghệ
ky-thuat-dien-chuong-trinh-tieu-chuan,Kỹ thuật điện - Chương trình tiêu chuẩn,Kỹ thuật - Công nghệ
ky-thuat-dien-chat-luong-cao,Kỹ thuật điện - Chất lượng cao,Kỹ thuật - Công nghệ
ky-thuat-dien-chuong-trinh-clc,Kỹ thuật điện - chương trình CLC,Kỹ thuật - Công nghệ
ky-thuat-dien-tu,Kỹ thuật điện tử,Kỹ thuật - Công nghệ
ky-thuat-dien-tu-vien-thong-chuong-trinh-clc,Kỹ thuật điện tử - viễn thông chương trình CLC,Kỹ thuật - Công nghệ
ky-thuat-dien-tu-vien-thong-chuong-trinh-tieu-chuan,Kỹ thuật điện tử viễn thông - Chương trình tiêu chuẩn,Kỹ thuật - Công nghệ
ky-thuat-dien-tu-vien-thong-chat-luong-cao,Kỹ thuật điện tử viễn thông - Chất lượng cao,Kỹ thuật - Công nghệ
ky-thuat-dien-tu-va-he-thong-cung-cap-dien,Kỹ thuật điện tử và Hệ thống cung cấp điện),Kỹ thuật - Công nghệ
ky-thuat-dien-tu-vien-thong-clc,Kỹ thuật điện tử – viễn thông – CLC,Kỹ thuật - Công nghệ
ky-thuat-dien-va-nang-luong-tai-tao,Kỹ thuật điện và Năng lượng tái tạo,Kỹ thuật - Công nghệ
ky-thuat-dien-va-may-tinh,Kỹ thuật điện và máy tính,Kỹ thuật - Công nghệ
ky-thuat-dien-dien-tu-chuong-trinh-du-bi-lien-ket-dai-hoc-khoa-hoc-ung-dung-saxion,Kỹ thuật điện – điện tử - Chương trình dự bị liên kết Đại học khoa học ứng dụng Saxion,Kỹ thuật - Công nghệ
ky-thuat-dien-dien-tu-chuong-trinh-lien-ket-dai-hoc-khoa-hoc-ung-dung-saxion,Kỹ thuật điện – điện tử - Chương trình liên kết Đại học khoa học ứng dụng Saxion,Kỹ thuật - Công nghệ
ky-thuat-dien-dien-tu-va-tu-dong-hoa,"Kỹ thuật điện, Điện tử và Tự động hoá",Kỹ thuật - Công nghệ
ky-thuat-dien-dien-tu,"Kỹ thuật điện, điện tử",Kỹ thuật - Công nghệ
ky-thuat-dien-dien-tu-va-dieu-khien,"Kỹ thuật điện, điện tử và điều khiển",Kỹ thuật - Công nghệ
ky-thuat-dien-dien-tu-va-dieu-khien-co-dien-tu,Kỹ thuật điện; điện tử và điều khiển; Cơ điện tử),Kỹ thuật - Công nghệ
may-tu-dong-hoa-xep-do,Máy & tự động hóa xếp dỡ,Kỹ thuật - Công nghệ
may-tau-thuy,Máy tàu thủy,Kỹ thuật - Công nghệ
may-tinh-va-robot,Máy tính và Robot,Kỹ thuật - Công nghệ
may-tinh-va-khoa-hoc-thong-tin,Máy tính và khoa học thông tin,Kỹ thuật - Công nghệ
may-va-tu-dong-hoa-xep-do,Máy và tự động hóa xếp dỡ,Kỹ thuật - Công nghệ
mo-hinh-thong-tin-cong-trinh-giao-thong,Mô hình thông tin công trình giao thông,Kỹ thuật - Công nghệ
moi-truong-va-phat-trien-ben-vung,Môi trường và Phát triển bền vững),Kỹ thuật - Công nghệ
moi-truong-suc-khoe-va-an-toan,"Môi trường, sức khỏe và an toàn",Kỹ thuật - Công nghệ
nhiet-dien-lanh,Nhiệt - Điện lạnh),Kỹ thuật - Công nghệ
nang-luong-tai-tao,Năng lượng tái tạo,Kỹ thuật - Công nghệ
ql-tai-nguyen-va-moi-truong,QL tài nguyên và môi trường,Kỹ thuật - Công nghệ
quan-li-tai-nguyen-moi-truong,Quản lí tài nguyên & Môi trường,Kỹ thuật - Công nghệ
quan-li-tai-nguyen-va-moi-truong,Quản lí tài nguyên và môi trường,Kỹ thuật - Công nghệ
quan-ly-tai-nguyen-va-moi-truong-ky-thuat-moi-truong,Quản lý Tài nguyên và Môi trường; Kỹ thuật Môi trường,Kỹ thuật - Công nghệ
quan-ly-an-toan-va-moi-truong,Quản lý an toàn và môi trường,Kỹ thuật - Công nghệ
quan-ly-an-toan-suc-khoe-va-moi-truong,"Quản lý an toàn, sức khỏe và môi truờng",Kỹ thuật - Công nghệ
quan-ly-cong-nghiep,Quản lý công nghiệp,Kỹ thuật - Công nghệ
quan-ly-du-lieu-khoa-hoc-trai-dat,Quản lý dữ liệu khoa học trái đất,Kỹ thuật - Công nghệ
quan-ly-hoat-dong-bay-quan-ly-va-khai-thac-bay,Quản lý hoạt động bay ; Quản lý và khai thác bay,Kỹ thuật - Công nghệ
quan-ly-hoat-dong-bay-he-thong-ky-thuat-quan-ly-bay,Quản lý hoạt động bay; Hệ thống kỹ thuật quản lý bay,Kỹ thuật - Công nghệ
quan-ly-hang-hai,Quản lý hàng hải),Kỹ thuật - Công nghệ
quan-ly-hang-hai-clc,Quản lý hàng hải) - CLC,Kỹ thuật - Công nghệ
quan-ly-ky-thuat-cong-nghiep,Quản lý kỹ thuật công nghiệp,Kỹ thuật - Công nghệ
quan-ly-nang-luong,Quản lý năng lượng,Kỹ thuật - Công nghệ
quan-ly-tai-nguyen-moi-truong,Quản lý tài nguyên môi trường,Kỹ thuật - Công nghệ
quan-ly-tai-nguyen-moi-truong-gom-02-nganh-quan-ly-tai-nguyen-va-moi-truong-cong-nghe-ky-thuat-moi-truong,Quản lý tài nguyên môi trường gồm 02 ngành: Quản lý tài nguyên và môi trường; Công nghệ kỹ thuật môi trường,Kỹ thuật - Công nghệ
quan-ly-tai-nguyen-moi-truong-gom-2-nganh-quan-ly-tai-nguyen-va-moi-truong-cong-nghe-ky-thuat-moi-truong,Quản lý tài nguyên môi trường gồm 2 ngành: Quản lý tài nguyên và môi trường; Công nghệ kỹ thuật môi trường,Kỹ thuật - Công nghệ
quan-ly-tai-nguyen-va-moi-truong,Quản lý tài nguyên và môi trường,Kỹ thuật - Công nghệ
quan-ly-va-khai-thac-cang-hk,Quản lý và khai thác cảng HK,Kỹ thuật - Công nghệ
quan-ly-va-dieu-hanh-van-tai-duong-sat,Quản lý và điều hành vận tải đường sắt,Kỹ thuật - Công nghệ
quan-ly-dat-va-cn-phan-bon,Quản lý đất và CN phân bón),Kỹ thuật - Công nghệ
quan-ly-dat-va-cong-nghe-phan-bon,Quản lý đất và công nghệ phân bón,Kỹ thuật - Công nghệ
quan-ly-khai-thac-va-bao-tri-duong-cao-toc,Quản lý; khai thác và bảo trì đường cao tốc,Kỹ thuật - Công nghệ
quan-tri-doanh-nghiep-va-cong-nghe,Quản trị Doanh nghiệp và Công nghệ,Kỹ thuật - Công nghệ
quan-tri-hang-khong,Quản trị Hàng không,Kỹ thuật - Công nghệ
quan-tri-ben-vung-doanh-nghiep-va-moi-truong,Quản trị bền vững doanh nghiệp và môi trường,Kỹ thuật - Công nghệ
quan-tri-logistlcs-va-van-tai-da-phuong-thuc,Quản trị logistlcs và vận tải đa phương thức,Kỹ thuật - Công nghệ
quan-tri-loglstics-va-van-tai-da-phuong-thuc,Quản trị loglstics vá vận tải đa phương thức,Kỹ thuật - Công nghệ
quan-tri-moi-truong-doanh-nghiep,Quản trị môi trường doanh nghiệp,Kỹ thuật - Công nghệ
sp-cong-nghe,SP Công nghệ,Kỹ thuật - Công nghệ
sp-hoa-hoc,SP Hoá học,Kỹ thuật - Công nghệ
sp-khoa-hoc-tu-nhien,SP Khoa học tự nhiên,Kỹ thuật - Công nghệ
sp-sinh-hoc,SP Sinh học,Kỹ thuật - Công nghệ
sp-toan-hoc,SP Toán học,Kỹ thuật - Công nghệ
sp-vat-ly,SP Vật lý,Kỹ thuật - Công nghệ
sinh-hoc,Sinh học,Kỹ thuật - Công nghệ
sinh-hoc-ung-dung,Sinh học ứng dụng,Kỹ thuật - Công nghệ
thanh-tra-va-quan-ly-cong-trinh-giao-thong,Thanh tra và quản lý công trình giao thông,Kỹ thuật - Công nghệ
thiet-bi-bay-khong-nguoi-lai-va-robotics,Thiết bị bay không người lái và Robotics,Kỹ thuật - Công nghệ
thong-ke,Thống kê,Kỹ thuật - Công nghệ
thong-ke-chuong-trinh-tieu-chuan,Thống kê - Chương trình tiêu chuẩn,Kỹ thuật - Công nghệ
tieng-anh-khkt-va-cong-nghe,Tiếng Anh KHKT và Công nghệ,Kỹ thuật - Công nghệ
tieng-trung-khkt-va-cong-nghe,Tiếng Trung KHKT và Công nghệ,Kỹ thuật - Công nghệ
toan-hoc,Toán học,Kỹ thuật - Công nghệ
toan-hoc-toan-tin-toan-ung-dung,"Toán học, Toán tin, Toán ứng dụng",Kỹ thuật - Công nghệ
toan-hoc-toan-ung-dung-toan-tin,"Toán học, Toán ứng dụng, Toán tin",Kỹ thuật - Công nghệ
toan-ung-dung,Toán ứng dụng,Kỹ thuật - Công nghệ
toan-ung-dung-chuong-trinh-tieu-chuan,Toán ứng dụng - Chương trình tiêu chuẩn,Kỹ thuật - Công nghệ
tai-nguyen-nuoc-va-moi-truong,Tài nguyên nước và môi trường,Kỹ thuật - Công nghệ
tai-nguyen-va-moi-truong-nuoc,Tài nguyên và môi trường nước,Kỹ thuật - Công nghệ
tu-dong-hoa-cong-nghiep,Tự đông hoá cống nghiệp,Kỹ thuật - Công nghệ
tu-dong-hoa,Tự động hóa,Kỹ thuật - Công nghệ
tu-dong-hoa-gom-02-chuyen-nganh-cong-nghe-ky-thuat-dieu-khien-va-tu-dong-hoa-robot-va-he-thong-dieu-khien-thong-minh,Tự động hóa gồm 02 chuyên ngành: Công nghệ kỹ thuật điều khiển và tự động hóa; Robot và hệ thống điều khiển thông minh,Kỹ thuật - Công nghệ
tu-dong-hoa-gom-02-nganh-cong-nghe-ky-thuat-dieu-khien-va-tu-dong-hoa-robot-va-he-thong-dieu-khien-thong-minh,Tự động hóa gồm 02 ngành: Công nghệ kỹ thuật điều khiển và tự động hóa; Robot và hệ thống điều khiển thông minh.,Kỹ thuật - Công nghệ
tu-dong-hoa-he-thong-dien,Tự động hóa hệ thống điện,Kỹ thuật - Công nghệ
vat-ly,VẬT LÝ,Kỹ thuật - Công nghệ
vat-lieu-tien-tien-va-cong-nghe-nano,Vật liệu tiên tiến và công nghệ nano,Kỹ thuật - Công nghệ
vat-ly-ky-thuat,Vật lý Kỹ thuật,Kỹ thuật - Công nghệ
vat-ly-ky-thuat-va-dien-tu,Vật lý kỹ thuật và điện tử,Kỹ thuật - Công nghệ
vat-ly-ky-thuat-dien-tu,Vật lý kỹ thuật – Điện tử,Kỹ thuật - Công nghệ
vat-ly-tai-nang,Vật lý tài năng,Kỹ thuật - Công nghệ
y-sinh-hoc-tdtt,Y sinh học TDTT,Kỹ thuật - Công nghệ
cap-thoat-nuoc-va-moi-truong-nuoc-chuong-trinh-tieu-chuan,cấp thoát nước và môi trường nước) - Chương trình tiêu chuẩn,Kỹ thuật - Công nghệ
hai-thac-may-tau-bien,hai thác máy tàu biển,Kỹ thuật - Công nghệ
hiet-ke-tau-cong-trinh-ngoai-khoi,hiết kế tàu & công trình ngoài khơi,Kỹ thuật - Công nghệ
ieu-khien-tau-bien,iều khiển tàu biển,Kỹ thuật - Công nghệ
ien-tu-vien-thong,iện tử viễn thông,Kỹ thuật - Công nghệ
ien-tu-dong-giao-thong-van-tai,iện tự động giao thông vận tải,Kỹ thuật - Công nghệ
ky-thuat-dien-tu-chuyen-nganh-ky-thuat-vien-thong,kỹ thuật điện tử; chuyên ngành kỹ thuật viễn thông),Kỹ thuật - Công nghệ
thuoc-nganh-ky-thuat-co-so-ha-tang,thuộc ngành Kỹ thuật cơ sở hạ tầng),Kỹ thuật - Công nghệ
thuoc-nganh-ky-thuat-xav-dung,thuộc ngành Kỹ thuật xâv dựng),Kỹ thuật - Công nghệ
tuyen-sinh-cac-nam-truoc-cong-nghe-ky-thuat-giao-thong-chuyen-nganh-ky-thuat-an-toan-giao-thong,tuyển sinh các năm trước: Công nghệ kỹ thuật giao thông - Chuyên ngành: Kỹ thuật an toàn giao thông),Kỹ thuật - Công nghệ
tu-dong-hoa-gom-2-chuyen-nganh-cong-nghe-ky-thuat-dieu-khien-va-tu-dong-hoa-robot-va-he-thong-dieu-khien-thong-minh,tự động hóa gồm 2 chuyên ngành: Công nghệ kỹ thuật điều khiển và tự động hóa; Robot và hệ thống điều khiển thông minh,Kỹ thuật - Công nghệ
uan-ly-hang-hai,uản lý hàng hải,Kỹ thuật - Công nghệ
o-to-dien,Ô tô điện,Kỹ thuật - Công nghệ
o-to-dien-clc,Ô tô điện) – CLC,Kỹ thuật - Công nghệ
dh-ky-thuat-dien,ĐH Kỹ thuật điện,Kỹ thuật - Công nghệ
dh-qltn-va-moi-truong,ĐH QLTN và Môi trường,Kỹ thuật - Công nghệ
dieu-khien-thong-minh-va-tu-dong-hoa-bica,Điều khiển thông minh và Tự động hóa – BICA,Kỹ thuật - Công nghệ
dieu-khien-thong-minh-va-tu-dong-hoa,Điều khiển thông minh và tự động hóa,Kỹ thuật - Công nghệ
dieu-khien-tau-bien,Điều khiển tàu biển,Kỹ thuật - Công nghệ
dieu-khien-va-quan-ly-tau-bien,Điều khiển và quản lý tàu biển),Kỹ thuật - Công nghệ
dieu-khien-va-quan-ly-tau-bien-clc,Điều khiển và quản lý tàu biển) - CLC,Kỹ thuật - Công nghệ
dieu-khien-va-thong-tin-tin-hieu-duong-sat-hien-dai,Điều khiển và thông tin tín hiệu đường sắt hiện đại),Kỹ thuật - Công nghệ
dien-cong-nghiep-he-thong-dien-giao-thong-nang-luong-tai-tao,Điện công nghiệp; Hệ thống điện giao thông; Năng lượng tái tạo),Kỹ thuật - Công nghệ
dien-cong-nghiep-chuyen-nganh-he-thong-dien-giao-thong-chuyen-nganh-nang-luong-tai-tao,Điện công nghiệp; chuyên ngành Hệ thống điện giao thông; chuyên ngành Năng lượng tái tạo),Kỹ thuật - Công nghệ
dien-lanh-va-dieu-hoa-khong-khi,Điện lạnh và điều hòa không khí,Kỹ thuật - Công nghệ
dien-lanh,Điện lạnh),Kỹ thuật - Công nghệ
dien-tu-vien-thong-dh-leibniz-hannover,Điện tử - Viễn thông - ĐH Leibniz Hannover,Kỹ thuật - Công nghệ
dien-tu-vien-thong,Điện tử - viễn thông,Kỹ thuật - Công nghệ
dien-tu-vien-thong-leibniz-hannover,Điện tử Viễn thông-Leibniz Hannover,Kỹ thuật - Công nghệ
dien-tu-dong-cong-nghiep,Điện tự động công nghiệp,Kỹ thuật - Công nghệ
dien-tu-dong-cang-hk,Điện tự động cảng HK,Kỹ thuật - Công nghệ
dien-tu-dong-giao-thong-van-tai,Điện tự động giao thông vận tải,Kỹ thuật - Công nghệ
dien-tu-dong-hoa,Điện tự động hóa,Kỹ thuật - Công nghệ
dong-tau-cong-trinh-ngoai-khoi,Đóng tàu & công trình ngoài khơi,Kỹ thuật - Công nghệ
dong-tau-va-cong-trinh-ngoai-khoi,Đóng tàu và công trình ngoài khơi,Kỹ thuật - Công nghệ
dia-chat-hoc,Địa chất học,Kỹ thuật - Công nghệ
ct-tc-luat-thuong-mai-quoc-te,CT TC Luật thương mại quốc tế,Luật
ct-dhnnqt-luat-kinh-doanh-quoc-te-theo-mo-hinh-thuc-hanh-nghe-nghiep,CT ĐHNNQT Luật Kinh doanh quốc tế theo mô hình thực hành nghề nghiệp,Luật
chuong-trinh-tieu-chuan-luat-thuong-mai-quoc-te,Chương trình tiêu chuẩn Luật thương mại quốc tế,Luật
chuong-trinh-dhnnqt-luat-kinh-doanh-quoc-te-theo-mo-hinh-thuc-hanh-nghe-nghiep,Chương trình ĐHNNQT Luật Kinh doanh quốc tế theo mô hình thực hành nghề nghiệp,Luật
dich-vu-phap-luat,Dịch vụ pháp luật,Luật
giao-duc-phap-luat,Giáo dục pháp luật,Luật
kinh-doanh-quoc-te-luat,Kinh doanh quốc tế & Luật,Luật
ke-toan-luat,Kế toán & Luật,Luật
luat,Luật,Luật
luat-ngon-ngu-anh,Luật & Ngôn ngữ Anh,Luật
luat-chuong-trinh-02-nam-dau-hoc-tai-nha-trang,Luật - Chương trình 02 năm đầu học tại Nha Trang,Luật
luat-chuong-trinh-luat,Luật - Chương trình Luật,Luật
luat-chuong-trinh-hoc-tai-phan-hieu-khanh-hoa,Luật - Chương trình học tại phân hiệu Khánh Hòa,Luật
luat-chuong-trinh-tieu-chuan,Luật - Chương trình tiêu chuẩn,Luật
luat-chat-luong-cao,Luật - Chất lượng cao,Luật
luat-thi-sinh-nam-khu-vuc-tay-bac,Luật - Thí sinh Nam khu vực Tây Bắc,Luật
luat-thi-sinh-nam-khu-vuc-tay-nam-bo,Luật - Thí sinh Nam khu vực Tây Nam Bộ,Luật
luat-thi-sinh-nam-phia-bac,Luật - Thí sinh Nam phía Bắc,Luật
luat-thi-sinh-nam-phia-nam,Luật - Thí sinh Nam phía Nam,Luật
luat-thi-sinh-nu-khu-vuc-tay-bac,Luật - Thí sinh Nữ khu vực Tây Bắc,Luật
luat-thi-sinh-nu-khu-vuc-tay-nam-bo,Luật - Thí sinh Nữ khu vực Tây Nam Bộ,Luật
luat-thi-sinh-nu-phia-bac,Luật - Thí sinh Nữ phía Bắc,Luật
luat-thi-sinh-nu-phia-nam,Luật - Thí sinh Nữ phía Nam,Luật
luat-chuong-trinh-clc,Luật - chương trình CLC,Luật
luat-chuong-trinh-hoc-phan-hieu-khanh-hoa,Luật - chương trình học Phân hiệu Khánh Hòa,Luật
luat-hoc-tai-khu-hoa-an,Luật - học tại khu Hòa An,Luật
luat-hoc-tai-khu-soc-trang,Luật - học tại khu Sóc Trăng,Luật
luat-dao-tao-tai-tphcm,Luật - Đào tạo tại TPHCM,Luật
luat-clc,Luật CLC,Luật
luat-chat-luong-cao-bang-tieng-anh,Luật Chất lượng cao bằng tiếng Anh,Luật
luat-dan-su,Luật Dân sự),Luật
luat-hanh-chinh,Luật Hành chính,Luật
luat-kiem-sat,Luật Kiểm Sát,Luật
luat-thuong-mai,Luật Thương Mại,Luật
luat-tai-chinh-ngan-hang,Luật Tài chính - Ngân hàng),Luật
luat-dan-su-va-to-tung-dan-su,Luật dân sự và tố tụng dân sự,Luật
luat-hien-phap-va-luat-hanh-chinh,Luật hiến pháp và luật hành chính,Luật
luat-hang-hai,Luật hàng hải,Luật
luat-hanh-chinh-luat-dan-su,"Luật hành chính, Luật dân sự)",Luật
luat-hinh-su,Luật hình sự,Luật
luat-hinh-su-va-to-tung-hinh-su,Luật hình sự và tố tụng hình sự,Luật
luat-hoc,Luật học,Luật
luat-kinh-doanh,Luật kinh doanh,Luật
luat-kinh-doanh-quoc-te,Luật kinh doanh quốc tế,Luật
luat-kinh-te,Luật kinh tế,Luật
luat-kinh-te-chuan-quoc-te,Luật kinh tế - Chuẩn quốc tế,Luật
luat-kinh-te-chuong-trinh-luat-kinh-te,Luật kinh tế - Chương trình Luật Kinh tế,Luật
luat-kinh-te-chuong-trinh-luat-thuong-mai-quoc-te,Luật kinh tế - Chương trình Luật thương mại quốc tế,Luật
luat-kinh-te-chat-luong-cao,Luật kinh tế Chất lượng cao,Luật
luat-kinh-te-chat-luong-cao-bang-tieng-anh,Luật kinh tế Chất lượng cao bằng Tiếng Anh),Luật
luat-kinh-te-quoc-te,Luật kinh tế quốc tế,Luật
luat-kinh-te-chuong-trinh-hoc-tai-phan-hieu-khanh-hoa,Luật kinh tế) - Chương trình học tại Phân hiệu Khánh Hòa,Luật
luat-quoc-te,Luật quốc tế,Luật
luat-thuong-mai-quoc-te,Luật thương mại quốc tế,Luật
luat-va-chinh-sach-cong,Luật và Chính sách công),Luật
luat-va-chinh-sach-hang-hai,Luật và chính sách hàng hải),Luật
luat-va-chinh-sach-hang-hai-clc,Luật và chính sách hàng hải) – CLC,Luật
luat-2-chuyen-nganh-luat-hanh-chinh-luat-tu-phap,"Luật, 2 chuyên ngành: - Luật hành chính; - Luật tư pháp.",Luật
luat-3-chuyen-nganh-luat-hanh-chinh-luat-thuong-mai-luat-tu-phap,Luật; 3 chuyên ngành: - Luật hành chính; - Luật thương mại; - Luật tư pháp.,Luật
lich-su-dia-ly-va-kinh-te-phap-luat,Lịch sử- Địa lý và Kinh tế Pháp luật,Luật
pohe-luat-kinh-doanh,POHE - Luật kinh doanh,Luật
quan-tri-luat,Quản trị - Luật,Luật
quan-tri-kinh-doanh-luat,Quản trị kinh doanh & Luật,Luật
thanh-tra-thuoc-nganh-luat,Thanh tra thuộc ngành Luật,Luật
tai-chinh-ngan-hang-luat,Tài chính ngân hàng & Luật,Luật
dh-luat,ĐH Luật,Luật
bien-dao-mua,Biên đạo múa,Nghệ thuật - Thiết kế - TDTT
bao-tang-hoc,Bảo tàng học,Nghệ thuật - Thiết kế - TDTT
ctdt-nghe-thuat-va-thiet-ke,CTĐT Nghệ thuật và thiết kế,Nghệ thuật - Thiết kế - TDTT
dien-vien-kich-dien-anh,Diễn viên Kịch - Điện ảnh,Nghệ thuật - Thiết kế - TDTT
dien-vien-kich-dien-anh-lien-thong,Diễn viên Kịch - Điện ảnh liên thông,Nghệ thuật - Thiết kế - TDTT
huan-luyen-the-thao,Huấn luyện thể thao,Nghệ thuật - Thiết kế - TDTT
hoi-hoa,Hội họa,Nghệ thuật - Thiết kế - TDTT
my-thuat,Mỹ thuật,Nghệ thuật - Thiết kế - TDTT
my-thuat-ung-dung,Mỹ thuật ứng dụng,Nghệ thuật - Thiết kế - TDTT
nhiep-anh-nghe-thuat,Nhiếp ảnh nghệ thuật,Nghệ thuật - Thiết kế - TDTT
piano,Piano,Nghệ thuật - Thiết kế - TDTT
quay-phim,Quay phim,Nghệ thuật - Thiết kế - TDTT
quan-ly-the-duc-the-thao,Quản lý thể dục thể thao,Nghệ thuật - Thiết kế - TDTT
quan-ly-tai-nguyen-va-moi-truong-bien-dao,Quản lý tài nguyên và môi trường biển đảo,Nghệ thuật - Thiết kế - TDTT
thiet-ke-xanh,THIẾT KẾ XANH,Nghệ thuật - Thiết kế - TDTT
thanh-nhac,Thanh nhạc,Nghệ thuật - Thiết kế - TDTT
thiet-ke-do-hoa-chuong-trinh-viet-nhat,Thiết kế đồ họa - Chương trình Việt - Nhật,Nghệ thuật - Thiết kế - TDTT
thiet-ke-ic-he-thong-nhung,Thiết kế IC & hệ thống nhúng,Nghệ thuật - Thiết kế - TDTT
thiet-ke-my-thuat-so,Thiết kế Mỹ thuật số,Nghệ thuật - Thiết kế - TDTT
thiet-ke-thoi-trang,Thiết kế Thời trang,Nghệ thuật - Thiết kế - TDTT
thiet-ke-cong-nghiep,Thiết kế công nghiệp,Nghệ thuật - Thiết kế - TDTT
thiet-ke-cong-nghiep-chuong-trinh-tieu-chuan,Thiết kế công nghiệp - Chương trình tiêu chuẩn,Nghệ thuật - Thiết kế - TDTT
thiet-ke-cong-nghiep-va-do-hoa,Thiết kế công nghiệp và Đồ họa,Nghệ thuật - Thiết kế - TDTT
thiet-ke-co-khi-va-kieu-dang-cong-nghiep,Thiết kế cơ khí và kiểu dáng công nghiệp,Nghệ thuật - Thiết kế - TDTT
thiet-ke-game-va-multimedia,Thiết kế game và Multimedia,Nghệ thuật - Thiết kế - TDTT
thiet-ke-noi-that,Thiết kế nội thất,Nghệ thuật - Thiết kế - TDTT
thiet-ke-noi-that-chuong-trinh-tieu-chuan,Thiết kế nội thất - Chương trình tiêu chuẩn,Nghệ thuật - Thiết kế - TDTT
thiet-ke-noi-that-ben-vung,Thiết kế nội thất bền vững,Nghệ thuật - Thiết kế - TDTT
thiet-ke-noi-that-clc,Thiết kế nội thất) - CLC,Nghệ thuật - Thiết kế - TDTT
thiet-ke-thoi-trang-chuong-trinh-tieu-chuan,Thiết kế thời trang - Chương trình tiêu chuẩn,Nghệ thuật - Thiết kế - TDTT
thiet-ke-trang-suc,Thiết kế trang sức,Nghệ thuật - Thiết kế - TDTT
thiet-ke-tau-cong-trinh-ngoai-khoi,Thiết kế tàu & công trình ngoài khơi,Nghệ thuật - Thiết kế - TDTT
thiet-ke-tau-va-cong-trinh-ngoai-khoi,Thiết kế tàu và công trình ngoài khơi,Nghệ thuật - Thiết kế - TDTT
thiet-ke-va-mo-phong-so-trong-co-khi,Thiết kế và mô phỏng số trong cơ khí),Nghệ thuật - Thiết kế - TDTT
thiet-ke-do-hoa,Thiết kế đồ họa,Nghệ thuật - Thiết kế - TDTT
thiet-ke-do-hoa-chuong-trinh-hoc-tai-phan-hieu-khanh-hoa,Thiết kế đồ họa - Chương trình học tại Phân hiệu Khánh Hòa,Nghệ thuật - Thiết kế - TDTT
thiet-ke-do-hoa-chuong-trinh-tieu-chuan,Thiết kế đồ họa - Chương trình tiêu chuẩn,Nghệ thuật - Thiết kế - TDTT
thiet-ke-do-hoa-chat-luong-cao,Thiết kế đồ họa - Chất lượng cao,Nghệ thuật - Thiết kế - TDTT
thiet-ke-do-hoa-chuong-trinh-clc,Thiết kế đồ họa - chương trình CLC,Nghệ thuật - Thiết kế - TDTT
thoi-trang-va-sang-tao,Thời trang và sáng tạo,Nghệ thuật - Thiết kế - TDTT
y-sinh-hoc-the-duc-the-thao,Y sinh học thể dục thể thao,Nghệ thuật - Thiết kế - TDTT
am-nhac,Âm nhạc,Nghệ thuật - Thiết kế - TDTT
am-nhac-hoc,Âm nhạc học,Nghệ thuật - Thiết kế - TDTT
dien-anh-va-nghe-thuat-dai-chung,Điện ảnh và nghệ thuật đại chúng,Nghệ thuật - Thiết kế - TDTT
do-hoa,Đồ họa,Nghệ thuật - Thiết kế - TDTT
do-hoa-cong-nghe-so,Đồ họa công nghệ số,Nghệ thuật - Thiết kế - TDTT
do-hoa-game,Đồ họa game,Nghệ thuật - Thiết kế - TDTT
do-hoa-may-tinh,Đồ họa máy tính),Nghệ thuật - Thiết kế - TDTT
ouan-ly-the-duc-the-thao,Ọuản lý thể dục thể thao,Nghệ thuật - Thiết kế - TDTT
chat-luong-cao-ngon-ngu-anh-tai-chinh-ngan-hang,Chất lượng cao Ngôn ngữ Anh Tài chính - Ngân hàng,Ngôn ngữ - Quốc tế học
han-quoc-hoc,Hàn Quốc học,Ngôn ngữ - Quốc tế học
kinh-doanh-quoc-te-ngon-ngu-anh,Kinh doanh quốc tế & Ngôn ngữ Anh,Ngôn ngữ - Quốc tế học
logistics-va-quan-ly-chuoi-cung-ung-ngon-ngu-anh,Logistics và Quản lý chuỗi cung ứng & Ngôn ngữ Anh,Ngôn ngữ - Quốc tế học
ngon-ngu-anh,Ngôn ngữ Anh,Ngôn ngữ - Quốc tế học
ngon-ngu-anh-ctlkdh-flinders-uc,"Ngôn ngữ Anh - CTLKĐH Flinders, úc",Ngôn ngữ - Quốc tế học
ngon-ngu-anh-cttt,Ngôn ngữ Anh - CTTT,Ngôn ngữ - Quốc tế học
ngon-ngu-anh-chuong-trinh-02-nam-dau-hoc-tai-bao-loc,Ngôn ngữ Anh - Chương trình 02 năm đầu học tại Bảo Lộc,Ngôn ngữ - Quốc tế học
ngon-ngu-anh-chuong-trinh-02-nam-dau-hoc-tai-nha-trang,Ngôn ngữ Anh - Chương trình 02 năm đầu học tại Nha Trang,Ngôn ngữ - Quốc tế học
ngon-ngu-anh-chuong-trinh-hoc-tai-phan-hieu-khanh-hoa,Ngôn ngữ Anh - Chương trình học tại phân hiệu Khánh Hòa,Ngôn ngữ - Quốc tế học
ngon-ngu-anh-chuong-trinh-lien-ket-dai-hoc-west-of-england-bristol,"Ngôn ngữ Anh - Chương trình liên kết Đại học West of England, Bristol",Ngôn ngữ - Quốc tế học
ngon-ngu-anh-chuong-trinh-tieu-chuan,Ngôn ngữ Anh - Chương trình tiêu chuẩn,Ngôn ngữ - Quốc tế học
ngon-ngu-anh-chuong-trinh-dao-tao-dac-biet,Ngôn ngữ Anh - Chương trình đào tạo đặc biệt,Ngôn ngữ - Quốc tế học
ngon-ngu-anh-chuong-trinh-dai-hoc-bang-tieng-anh,Ngôn ngữ Anh - Chương trình đại học bằng tiếng Anh,Ngôn ngữ - Quốc tế học
ngon-ngu-anh-chat-luong-cao,Ngôn ngữ Anh - Chất lượng cao,Ngôn ngữ - Quốc tế học
ngon-ngu-anh-chuong-trinh-clc,Ngôn ngữ Anh - chương trình CLC,Ngôn ngữ - Quốc tế học
ngon-ngu-anh-chuong-trinh-hoc-phan-hieu-khanh-hoa,Ngôn ngữ Anh - chương trình học Phân hiệu Khánh Hòa,Ngôn ngữ - Quốc tế học
ngon-ngu-anh-hoc-tai-khu-hoa-an,Ngôn ngữ Anh - học tại khu Hòa An,Ngôn ngữ - Quốc tế học
ngon-ngu-anh-ctdt-clc,Ngôn ngữ Anh CTĐT CLC,Ngôn ngữ - Quốc tế học
ngon-ngu-anh-tt,Ngôn ngữ Anh TT,Ngôn ngữ - Quốc tế học
ngon-ngu-anh-tai-chinh-ngan-hang,Ngôn ngữ Anh Tài chính - Ngân hàng,Ngôn ngữ - Quốc tế học
ngon-ngu-anh-gom-cac-chuyen-nganh-tieng-anh-giang-day-tieng-anh-thuong-mai,Ngôn ngữ Anh gồm các chuyên ngành: - Tiếng Anh giảng dạy -Tiếng Anh thương mại,Ngôn ngữ - Quốc tế học
ngon-ngu-anh-voi-dai-hoc-west-of-england,Ngôn ngữ Anh với đại học West of England),Ngôn ngữ - Quốc tế học
ngon-ngu-anh-2-chuyen-nganh-ngon-ngu-anh-phien-dich-bien-dich-tieng-anh,Ngôn ngữ Anh; 2 chuyên ngành: - Ngôn ngữ Anh; - Phiên dịch – Biên dịch tiếng Anh.,Ngôn ngữ - Quốc tế học
ngon-ngu-bo-dao-nha,Ngôn ngữ Bồ Đào Nha,Ngôn ngữ - Quốc tế học
ngon-ngu-han,Ngôn ngữ Hàn,Ngôn ngữ - Quốc tế học
ngon-ngu-han-quoc-cttt,Ngôn ngữ Hàn Quốc - CTTT,Ngôn ngữ - Quốc tế học
ngon-ngu-han-quoc-chat-luong-cao,Ngôn ngữ Hàn Quốc - Chất lượng cao,Ngôn ngữ - Quốc tế học
ngon-ngu-han-quoc-ctdt-clc,Ngôn ngữ Hàn Quốc CTĐT CLC,Ngôn ngữ - Quốc tế học
ngon-ngu-han-quoc,Ngôn ngữ Hàn quốc,Ngôn ngữ - Quốc tế học
ngon-ngu-italia,Ngôn ngữ Italia,Ngôn ngữ - Quốc tế học
ngon-ngu-italia-clc,Ngôn ngữ Italia - CLC,Ngôn ngữ - Quốc tế học
ngon-ngu-italia-cttt,Ngôn ngữ Italia - CTTT,Ngôn ngữ - Quốc tế học
ngon-ngu-italia-chat-luong-cao,Ngôn ngữ Italia - Chất lượng cao,Ngôn ngữ - Quốc tế học
ngon-ngu-italia-tt,Ngôn ngữ Italia - TT,Ngôn ngữ - Quốc tế học
ngon-ngu-khmer,Ngôn ngữ Khmer,Ngôn ngữ - Quốc tế học
ngon-ngu-nga,Ngôn ngữ Nga,Ngôn ngữ - Quốc tế học
ngon-ngu-nhat,Ngôn ngữ Nhật,Ngôn ngữ - Quốc tế học
ngon-ngu-nhat-ban,Ngôn ngữ Nhật Bản,Ngôn ngữ - Quốc tế học
ngon-ngu-nhat-ctdt-clc,Ngôn ngữ Nhật CTĐT CLC,Ngôn ngữ - Quốc tế học
ngon-ngu-nhat-chat-luong-cao,Ngôn ngữ Nhật Chất lượng cao,Ngôn ngữ - Quốc tế học
ngon-ngu-phap,Ngôn ngữ Pháp,Ngôn ngữ - Quốc tế học
ngon-ngu-phap-ctdt-clc,Ngôn ngữ Pháp CTĐT CLC,Ngôn ngữ - Quốc tế học
ngon-ngu-thai-lan,Ngôn ngữ Thái Lan,Ngôn ngữ - Quốc tế học
ngon-ngu-tieng-trung,Ngôn ngữ Tiếng Trung,Ngôn ngữ - Quốc tế học
ngon-ngu-trung,Ngôn ngữ Trung,Ngôn ngữ - Quốc tế học
ngon-ngu-trung-quoc,Ngôn ngữ Trung Quốc,Ngôn ngữ - Quốc tế học
ngon-ngu-trung-quoc-cttt,Ngôn ngữ Trung Quốc - CTTT,Ngôn ngữ - Quốc tế học
ngon-ngu-trung-quoc-chuong-trinh-lien-ket-dai-hoc-ludong-trung-quoc,"Ngôn ngữ Trung Quốc - Chương trình liên kết Đại học Ludong, Trung Quốc .",Ngôn ngữ - Quốc tế học
ngon-ngu-trung-quoc-chuong-trinh-tieu-chuan,Ngôn ngữ Trung Quốc - Chương trình tiêu chuẩn,Ngôn ngữ - Quốc tế học
ngon-ngu-trung-quoc-chat-luong-cao,Ngôn ngữ Trung Quốc - Chất lượng cao,Ngôn ngữ - Quốc tế học
ngon-ngu-trung-quoc-ngon-ngu-trung-anh,Ngôn ngữ Trung Quốc - Ngôn ngữ Trung - Anh,Ngôn ngữ - Quốc tế học
ngon-ngu-trung-quoc-ngon-ngu-trung-quoc-ngon-ngu-trung-anh,Ngôn ngữ Trung Quốc - Ngôn ngữ Trung Quốc - Ngôn ngữ Trung - Anh,Ngôn ngữ - Quốc tế học
ngon-ngu-trung-quoc-tt,Ngôn ngữ Trung Quốc - TT,Ngôn ngữ - Quốc tế học
ngon-ngu-trung-quoc-ctdt-clc,Ngôn ngữ Trung Quốc CTĐT CLC,Ngôn ngữ - Quốc tế học
ngon-ngu-trung-quoc-lien-ket-quoc-te,Ngôn ngữ Trung Quốc Liên kết quốc tế,Ngôn ngữ - Quốc tế học
ngon-ngu-tay-ban-nha,Ngôn ngữ Tây Ban Nha,Ngôn ngữ - Quốc tế học
ngon-ngu-gom-02-nganh-ngon-ngu-anh-ngon-ngu-trung,Ngôn ngữ gồm 02 ngành: Ngôn ngữ Anh; Ngôn ngữ Trung,Ngôn ngữ - Quốc tế học
ngon-ngu-hoc,Ngôn ngữ học,Ngôn ngữ - Quốc tế học
ngon-ngu-va-van-hoa-cac-dan-toc-thieu-so-viet-nam,Ngôn ngữ và văn hóa các dân tộc thiểu số Việt Nam,Ngôn ngữ - Quốc tế học
ngon-ngu-duc,Ngôn ngữ Đức,Ngôn ngữ - Quốc tế học
ngon-ngu-duc-chat-luong-cao,Ngôn ngữ Đức - Chất lượng cao,Ngôn ngữ - Quốc tế học
ngon-ngu-duc-ctdt-clc,Ngôn ngữ Đức CTĐT CLC,Ngôn ngữ - Quốc tế học
ngon-ngu-a-rap,Ngôn ngữ Ả Rập,Ngôn ngữ - Quốc tế học
nhat-ban-hoc,Nhật Bản học,Ngôn ngữ - Quốc tế học
nhat-ban-hoc-chat-luong-cao,Nhật Bản học - Chất lượng cao,Ngôn ngữ - Quốc tế học
nhat-ban-hoc-bjs,Nhật Bản học – BJS,Ngôn ngữ - Quốc tế học
quan-tri-kinh-doanh-ngon-ngu-anh,Quản trị kinh doanh & Ngôn ngữ Anh,Ngôn ngữ - Quốc tế học
quoc-te-hoc,Quốc tế học,Ngôn ngữ - Quốc tế học
quoc-te-hoc-han-quoc-hoc-anh-hoc-trung-quoc-hoc-duc-hoc,Quốc tế học - Hàn Quốc học - Anh học - Trung Quốc học - Đức học,Ngôn ngữ - Quốc tế học
trung-quoc-hoc,Trung Quốc học,Ngôn ngữ - Quốc tế học
dh-ngon-ngu-anh,ĐH Ngôn ngữ Anh,Ngôn ngữ - Quốc tế học
dong-phuong-hoc,Đông phương học,Ngôn ngữ - Quốc tế học
dong-phuong-hoc-nhat-ban-hoc-han-quoc-hoc,Đông phương học - Nhật Bản học - Hàn Quốc học,Ngôn ngữ - Quốc tế học
dong-phuong-hoc-gom-cac-chuyen-nganh-trung-quoc-hoc-han-quoc-hoc-nhat-ban-hoc,Đông phương học gồm các chuyên ngành: - Trung Quốc học - Hàn Quốc học - Nhật Bản học,Ngôn ngữ - Quốc tế học
bao-ve-thuc-vat,Bảo vệ thực vật,Nông - Lâm - Ngư - Thú y
benh-hoc-thuy-san,Bệnh học thủy sản,Nông - Lâm - Ngư - Thú y
chan-nuoi,Chăn nuôi,Nông - Lâm - Ngư - Thú y
chan-nuoi-thu-y,Chăn nuôi thú y,Nông - Lâm - Ngư - Thú y
chan-nuoi-thu-y-thuy-san,Chăn nuôi thú y - thuỷ sản,Nông - Lâm - Ngư - Thú y
crop-science,Crop Science,Nông - Lâm - Ngư - Thú y
cong-nghe-che-bien-thuy-san,Công nghệ chế biến thủy sản,Nông - Lâm - Ngư - Thú y
cong-nghe-nong-nghiep,Công nghệ nông nghiệp,Nông - Lâm - Ngư - Thú y
cong-nghe-nong-nghiep-so,Công nghệ nông nghiệp số,Nông - Lâm - Ngư - Thú y
cong-nghe-sinh-hoc-trong-nong-nghiep-cong-nghe-cao,Công nghệ sinh học trong nông nghiệp công nghệ cao,Nông - Lâm - Ngư - Thú y
co-khi-thuy-san-thong-minh,Cơ khí thủy sản thông minh,Nông - Lâm - Ngư - Thú y
khai-thac-thuy-san,Khai thác thuỷ sản,Nông - Lâm - Ngư - Thú y
khoa-hoc-cay-trong,Khoa học cây trồng,Nông - Lâm - Ngư - Thú y
khoa-hoc-cay-trong-2-chuyen-nganh-khoa-hoc-cay-trong-nong-nghiep-cong-nghe-cao,Khoa học cây trồng; 2 chuyên ngành: - Khoa học cây trồng; - Nông nghiệp công nghệ cao.,Nông - Lâm - Ngư - Thú y
khoa-hoc-thuy-san,Khoa học thủy sản,Nông - Lâm - Ngư - Thú y
ky-thuat-thuy-loi-thong-minh,Kỹ thuật thủy lợi thông minh,Nông - Lâm - Ngư - Thú y
lam-nghiep,Lâm nghiệp,Nông - Lâm - Ngư - Thú y
lam-sinh,Lâm sinh,Nông - Lâm - Ngư - Thú y
nuoi-trong-thuy-san,Nuôi trồng thủy sản,Nông - Lâm - Ngư - Thú y
nong-hoc,Nông học,Nông - Lâm - Ngư - Thú y
nong-nghiep,Nông nghiệp,Nông - Lâm - Ngư - Thú y
nong-nghiep-khoa-hoc-cay-trong-chan-nuoi,Nông nghiệp - Khoa học cây trồng - Chăn nuôi,Nông - Lâm - Ngư - Thú y
nong-nghiep-cong-nghe-cao,Nông nghiệp công nghệ cao,Nông - Lâm - Ngư - Thú y
nong-nghiep-thong-minh-va-ben-vung,Nông nghiệp thông minh và bền vững,Nông - Lâm - Ngư - Thú y
nong-nghiep-thong-minh-va-ben-vung-esas,Nông nghiệp thông minh và bền vững – ESAS,Nông - Lâm - Ngư - Thú y
nong-nghiep-va-canh-quan,Nông nghiệp và Cảnh quan,Nông - Lâm - Ngư - Thú y
quan-ly-thuy-san,Quản lý thủy sản,Nông - Lâm - Ngư - Thú y
thu-y,Thú y,Nông - Lâm - Ngư - Thú y
thuy-san,Thủy sản,Nông - Lâm - Ngư - Thú y
trong-trot-va-bao-ve-thuc-vat,Trồng trọt và Bảo vệ thực vật,Nông - Lâm - Ngư - Thú y
trong-trot,Trồng trọt),Nông - Lâm - Ngư - Thú y
dh-chan-nuoi,ĐH Chăn nuôi,Nông - Lâm - Ngư - Thú y
dh-chan-nuoi-thu-y,ĐH Chăn nuôi - Thú y,Nông - Lâm - Ngư - Thú y
dh-khoa-hoc-cay-trong,ĐH Khoa học cây trồng,Nông - Lâm - Ngư - Thú y
dh-nong-hoc,ĐH Nông học,Nông - Lâm - Ngư - Thú y
bien-phong,Biên phòng,Quân đội - Công an
chi-huy-tham-muu-thong-tin,Chỉ huy - Tham mưu Thông tin,Quân đội - Công an
chi-huy-ky-thuat-hoa-hoc,Chỉ huy Kỹ thuật hóa học,Quân đội - Công an
chi-huy-tham-muu-phong-khong-khong-quan-va-tac-chien-dien-tu,"Chỉ huy Tham mưu Phòng không, Không quân và Tác chiến điện tử",Quân đội - Công an
chi-huy-ky-thuat-cong-binh,Chỉ huy kỹ thuật Công binh,Quân đội - Công an
chi-huy-tham-muu-hai-quan,Chỉ huy tham mưu Hải quân,Quân đội - Công an
chi-huy-tham-muu-khong-quan-thi-sinh-mien-nam,Chỉ huy tham mưu Không quân - Thí sinh miền Nam,Quân đội - Công an
chi-huy-tham-muu-luc-quan,Chỉ huy tham mưu Lục quân,Quân đội - Công an
chi-huy-tham-muu-phao-binh,Chỉ huy tham mưu Pháo binh,Quân đội - Công an
chi-huy-tham-muu-tang-thiet-giap,Chỉ huy tham mưu Tăng - Thiết giáp,Quân đội - Công an
chi-huy-tham-muu-khong-quan,Chỉ huy tham mưu không quân,Quân đội - Công an
chi-huy-tham-muu-dac-cong,Chỉ huy tham mưu đặc công,Quân đội - Công an
hau-can-quan-su,Hậu cần quân sự,Quân đội - Công an
ky-su-quan-su,Kỹ sư quân sự,Quân đội - Công an
nghiep-vu-canh-sat,Nghiệp vụ Cảnh sát,Quân đội - Công an
quan-su-co-so-quan-khu-1,Quân sự cơ sở - Quân khu 1,Quân đội - Công an
quan-su-co-so-quan-khu-2,Quân sự cơ sở - Quân khu 2,Quân đội - Công an
quan-su-co-so-quan-khu-3,Quân sự cơ sở - Quân khu 3,Quân đội - Công an
quan-su-co-so-quan-khu-4,Quân sự cơ sở - Quân khu 4,Quân đội - Công an
trinh-sat-ky-thuat,Trinh sát kỹ thuật,Quân đội - Công an
dao-tao-ky-su-quan-su,Đào tạo kỹ sư quân sự,Quân đội - Công an
cao-dang-giao-duc-mam-non,Cao đẳng Giáo dục Mầm non,Sư phạm - Giáo dục
cd-giao-duc-mam-non,CĐ Giáo dục mầm non,Sư phạm - Giáo dục
giao-duc-mam-non,Giáo dục Mầm non,Sư phạm - Giáo dục
giao-duc-mam-non-su-pham-tieng-anh,Giáo dục Mầm non - Sư phạm Tiếng Anh,Sư phạm - Giáo dục
giao-duc-quoc-phong-an-ninh,Giáo dục Quốc phòng - An ninh,Sư phạm - Giáo dục
giao-duc-quoc-phong-va-an-ninh,Giáo dục Quốc phòng và An ninh,Sư phạm - Giáo dục
giao-duc-the-chat,Giáo dục Thể chất,Sư phạm - Giáo dục
giao-duc-tieu-hoc-sp-tieng-anh,Giáo dục Tiểu học - SP Tiếng Anh,Sư phạm - Giáo dục
giao-duc-tieu-hoc-su-pham-tieng-anh,Giáo dục Tiểu học - Sư phạm Tiếng Anh,Sư phạm - Giáo dục
giao-duc-tieu-hoc-tieng-jrai,Giáo dục Tiểu học – Tiếng Jrai,Sư phạm - Giáo dục
giao-duc-chinh-tri,Giáo dục chính trị,Sư phạm - Giáo dục
giao-duc-cong-dan,Giáo dục công dân,Sư phạm - Giáo dục
giao-duc-hoc,Giáo dục học,Sư phạm - Giáo dục
giao-duc-mam-non-sp-tieng-anh,Giáo dục mầm non - SP Tiếng Anh,Sư phạm - Giáo dục
giao-duc-tieu-hoc,Giáo dục tiểu học,Sư phạm - Giáo dục
giao-duc-dac-biet,Giáo dục đặc biệt,Sư phạm - Giáo dục
sp-giao-duc-mam-non,SP Giáo dục Mầm non,Sư phạm - Giáo dục
sp-giao-duc-tieu-hoc,SP Giáo dục Tiểu học,Sư phạm - Giáo dục
su-pham-vat-ly,Sư Phạm Vật lý,Sư phạm - Giáo dục
su-pham-giao-duc-chinh-tri,Sư phạm Giáo dục Chính trị,Sư phạm - Giáo dục
su-pham-hoa-hoc,Sư phạm Hóa học,Sư phạm - Giáo dục
su-pham-kh-tu-nhien,Sư phạm KH Tự nhiên,Sư phạm - Giáo dục
su-pham-khtn,Sư phạm KHTN,Sư phạm - Giáo dục
su-pham-khoa-hoc-tu-nhien,Sư phạm Khoa học tự nhiên,Sư phạm - Giáo dục
su-pham-ky-thuat-nong-nghiep,Sư phạm Kỹ thuật nông nghiệp,Sư phạm - Giáo dục
su-pham-lich-su,Sư phạm Lịch sử,Sư phạm - Giáo dục
su-pham-lich-su-dl,Sư phạm Lịch sử - ĐL,Sư phạm - Giáo dục
su-pham-lich-su-dia-li,Sư phạm Lịch sử - Địa lí,Sư phạm - Giáo dục
su-pham-lich-su-dia-ly,Sư phạm Lịch sử - Địa lý,Sư phạm - Giáo dục
su-pham-lich-su-va-dia-ly,Sư phạm Lịch sử và Địa lý,Sư phạm - Giáo dục
su-pham-mi-thuat,Sư phạm Mĩ thuật,Sư phạm - Giáo dục
su-pham-mam-non,Sư phạm Mầm non,Sư phạm - Giáo dục
su-pham-my-thuat,Sư phạm Mỹ thuật,Sư phạm - Giáo dục
su-pham-ngu-van,Sư phạm Ngữ văn,Sư phạm - Giáo dục
su-pham-ngu-van-lich-su-lich-su-dia-ly,"Sư phạm Ngữ văn, Lịch sử, Lịch sử - Địa lý",Sư phạm - Giáo dục
su-pham-ngu-van-lich-su-lich-su-va-dia-ly,"Sư phạm Ngữ văn, Lịch sử, Lịch sử và Địa lý",Sư phạm - Giáo dục
su-pham-sinh,Sư phạm Sinh,Sư phạm - Giáo dục
su-pham-sinh-hoc,Sư phạm Sinh học,Sư phạm - Giáo dục
su-pham-tin-hoc,Sư phạm Tin học,Sư phạm - Giáo dục
su-pham-tin-hoc-va-cong-nghe-tieu-hoc,Sư phạm Tin học và Công nghệ Tiểu học,Sư phạm - Giáo dục
su-pham-tieng-h-mong,Sư phạm Tiếng H’mong,Sư phạm - Giáo dục
su-pham-tieng-khmer,Sư phạm Tiếng Khmer,Sư phạm - Giáo dục
su-pham-tieng-nga,Sư phạm Tiếng Nga,Sư phạm - Giáo dục
su-pham-tieng-phap,Sư phạm Tiếng Pháp,Sư phạm - Giáo dục
su-pham-tieng-tnung-quoc,Sư phạm Tiếng Tnung Quốc,Sư phạm - Giáo dục
su-pham-tieng-trung-quoc,Sư phạm Tiếng Trung Quốc,Sư phạm - Giáo dục
su-pham-toan,Sư phạm Toán,Sư phạm - Giáo dục
su-pham-toan-hoc,Sư phạm Toán học,Sư phạm - Giáo dục
su-pham-toan-hoc-chuong-trinh-dai-tra-chuong-trinh-toan-tieng-anh,Sư phạm Toán học - Chương trình đại trà - Chương trình Toán Tiếng Anh,Sư phạm - Giáo dục
su-pham-toan-hoc-co-02-chuyen-nganh-chuong-trinh-dai-tra-chuong-trinh-toan-tieng-anh,Sư phạm Toán học Có 02 chuyên ngành: - Chương trình đại trà - Chương trình Toán tiếng Anh,Sư phạm - Giáo dục
su-pham-toan-hoc-chat-luong-cao,Sư phạm Toán học chất lượng cao,Sư phạm - Giáo dục
su-pham-toan-va-khtn,Sư phạm Toán và KHTN,Sư phạm - Giáo dục
su-pham-toan-va-khoa-hoc-tu-nhien,Sư phạm Toán và Khoa học Tự nhiên,Sư phạm - Giáo dục
su-pham-vat-li,Sư phạm Vật lí,Sư phạm - Giáo dục
su-pham-cong-nghe,Sư phạm công nghệ,Sư phạm - Giáo dục
su-pham-tieng-anh,Sư phạm tiếng Anh,Sư phạm - Giáo dục
su-pham-tieng-han-quoc,Sư phạm tiếng Hàn Quốc,Sư phạm - Giáo dục
su-pham-tieng-nhat,Sư phạm tiếng Nhật,Sư phạm - Giáo dục
su-pham-tieng-trung,Sư phạm tiếng Trung,Sư phạm - Giáo dục
su-pham-tieng-duc,Sư phạm tiếng Đức,Sư phạm - Giáo dục
su-pham-am-nhac,Sư phạm Âm nhạc,Sư phạm - Giáo dục
su-pham-dia-li,Sư phạm Địa lí,Sư phạm - Giáo dục
su-pham-dia-ly,Sư phạm Địa lý,Sư phạm - Giáo dục
dh-giao-duc-mam-non,ĐH Giáo dục Mầm non,Sư phạm - Giáo dục
dh-giao-duc-the-chat,ĐH Giáo dục Thể chất,Sư phạm - Giáo dục
dh-giao-duc-tieu-hoc,ĐH Giáo dục Tiểu học,Sư phạm - Giáo dục
dh-su-pham-hoa-hoc,ĐH Sư phạm Hoá học,Sư phạm - Giáo dục
dh-su-pham-khoa-hoc-tn,ĐH Sư phạm Khoa học TN,Sư phạm - Giáo dục
dh-su-pham-lich-su,ĐH Sư phạm Lịch sử,Sư phạm - Giáo dục
dh-su-pham-lich-su-clc,ĐH Sư phạm Lịch sử CLC,Sư phạm - Giáo dục
dh-su-pham-ngu-van,ĐH Sư phạm Ngữ văn,Sư phạm - Giáo dục
dh-su-pham-ngu-van-clc,ĐH Sư phạm Ngữ văn CLC,Sư phạm - Giáo dục
dh-su-pham-sinh-hoc,ĐH Sư phạm Sinh học,Sư phạm - Giáo dục
dh-su-pham-tin-hoc,ĐH Sư phạm Tin học,Sư phạm - Giáo dục
dh-su-pham-tieng-anh,ĐH Sư phạm Tiếng Anh,Sư phạm - Giáo dục
dh-su-pham-toan-hoc,ĐH Sư phạm Toán học,Sư phạm - Giáo dục
dh-su-pham-toan-hoc-clc,ĐH Sư phạm Toán học CLC,Sư phạm - Giáo dục
dh-su-pham-vat-ly,ĐH Sư phạm Vật lý,Sư phạm - Giáo dục
dh-su-pham-vat-ly-clc,ĐH Sư phạm Vật lý CLC,Sư phạm - Giáo dục
dh-su-pham-dia-ly,ĐH Sư phạm Địa lý,Sư phạm - Giáo dục
bac-si-rang-ham-mat,Bác sĩ Răng Hàm Mặt,Y - Dược - Sức khỏe
bac-si-thu-y,Bác sĩ thú y,Y - Dược - Sức khỏe
bac-si-da-khoa,Bác sĩ đa khoa,Y - Dược - Sức khỏe
bac-sy-da-khoa,Bác sỹ đa khoa,Y - Dược - Sức khỏe
cham-soc-sac-dep-tu-duoc-lieu,Chăm sóc sắc đẹp từ Dược liệu,Y - Dược - Sức khỏe
cong-nghe-sinh-hoc-nong-y-duoc,"Công nghệ Sinh học nông, y, dược",Y - Dược - Sức khỏe
cong-nghe-hoa-hoc-gom-03-chuyen-nganh-cong-nghe-ky-thuat-hoa-hoc-hoa-duoc-ky-thuat-hoa-phan-tich,Công nghệ hóa học gồm 03 chuyên ngành: Công nghệ kỹ thuật hóa học; Hóa dược; kỹ thuật hóa phân tích,Y - Dược - Sức khỏe
cong-nghe-hoa-hoc-gom-03-chuyen-nganh-cong-nghe-ky-thuat-hoa-hoc-ky-thuat-hoa-phan-tich-hoa-duoc,Công nghệ hóa học gồm 03 chuyên ngành: Công nghệ kỹ thuật hóa học; Kỹ thuật hóa phân tích; Hóa dược.,Y - Dược - Sức khỏe
cong-nghe-sinh-duoc,Công nghệ sinh dược,Y - Dược - Sức khỏe
cong-nghe-sinh-hoc-y-duoc,Công nghệ sinh học Y Dược,Y - Dược - Sức khỏe
cong-nghe-sinh-hoc-gom-03-chuyen-nganh-cong-nghe-sinh-hoc-y-duoc-cong-nghe-sinh-hoc-nong-nghiep-cong-nghe-sinh-hoc-tham-mi,Công nghệ sinh học gồm 03 chuyên ngành: Công nghệ sinh học y dược; Công nghệ sinh học nông nghiệp; Công nghệ sinh học thẩm mĩ,Y - Dược - Sức khỏe
cong-nghe-sinh-hoc-va-cong-nghe-duoc-lieu,Công nghệ sinh học và Công nghệ dược liệu,Y - Dược - Sức khỏe
cong-nghe-thuc-pham-cong-nghe-thuc-pham-quan-ly-chat-luong-va-an-toan-thuc-pham-khoa-hoc-thuc-pham-va-dinh-duong,Công nghệ thực phẩm - Công nghệ thực phẩm - Quản lý chất lượng và An toàn thực phẩm - Khoa học thực phẩm và Dinh dưỡng,Y - Dược - Sức khỏe
dinh-duong,Dinh dưỡng,Y - Dược - Sức khỏe
dinh-duong-va-khoa-hoc-thuc-pham,Dinh dưỡng và khoa học thực phẩm,Y - Dược - Sức khỏe
duoc,Dược,Y - Dược - Sức khỏe
duoc-hoc,Dược học,Y - Dược - Sức khỏe
duoc-hoc-chuong-trinh-tieu-chuan,Dược học - Chương trình tiêu chuẩn,Y - Dược - Sức khỏe
duoc-hoc-ket-hop-so-tuyen-chung-chi-ngoai-ngu,Dược học - kết hợp sơ tuyển chứng chỉ ngoại ngữ,Y - Dược - Sức khỏe
duoc-hoc-lien-thong,Dược học liên thông,Y - Dược - Sức khỏe
duoc-hoc-ct-tieng-anh,Dược học_CT tiếng Anh,Y - Dược - Sức khỏe
duoc-lieu-va-hop-chat-thien-nhien,Dược liệu và hợp chất thiên nhiên,Y - Dược - Sức khỏe
duoc-si,Dược sĩ,Y - Dược - Sức khỏe
hoa-ky-hoc,Hoa Kỳ học,Y - Dược - Sức khỏe
hoa-hoc-gom-cac-chuyen-nganh-1-hoa-duoc-2-hoa-phan-tich-moi-truong,"Hóa học, gồm các chuyên ngành: 1. Hóa Dược; 2. Hóa phân tích môi trường",Y - Dược - Sức khỏe
hoa-duoc-chat-luong-cao,Hóa Dược - Chất lượng cao),Y - Dược - Sức khỏe
hoa-duoc-hoa-phan-tich-moi-truong,Hóa Dược; Hóa phân tích môi trường,Y - Dược - Sức khỏe
hoa-duoc,Hóa dược,Y - Dược - Sức khỏe
hoa-duoc-phan-tich-va-kiem-nghiem-bao-che-va-phat-trien-thuoc,Hóa dược - Phân tích và kiểm nghiệm - Bào chế và phát triển thuốc,Y - Dược - Sức khỏe
hoa-hoc-gom-cac-chuyen-nganh-hoa-duoc-hoa-phan-tich-moi-truong,"Hóa học, gồm các chuyên ngành: Hóa Dược; Hóa phân tích môi trường",Y - Dược - Sức khỏe
ho-sinh,Hộ sinh,Y - Dược - Sức khỏe
kt-hinh-anh-y-hoc,KT Hình ảnh y học,Y - Dược - Sức khỏe
kt-xet-nghiem-y-hoc,KT Xét nghiệm y học,Y - Dược - Sức khỏe
khoa-hoc-dinh-duong-va-am-thuc,Khoa học dinh dưỡng và ẩm thực,Y - Dược - Sức khỏe
khoa-hoc-va-cong-nghe-y-khoa,Khoa học và Công nghệ y khoa,Y - Dược - Sức khỏe
khoa-hoc-dat-dinh-duong-cay-trong,Khoa học đất - dinh dưỡng cây trồng,Y - Dược - Sức khỏe
ki-thuat-hinh-anh-y-hoc,Kĩ thuật Hình ảnh y học,Y - Dược - Sức khỏe
ki-thuat-xet-nghiem-y-hoc,Kĩ thuật Xét nghiệm y học,Y - Dược - Sức khỏe
ky-thuuat-hinh-anh-y-hoc,Kỹ thuuật hình ảnh y học,Y - Dược - Sức khỏe
ky-thuat-hoa-duoc,Kỹ thuật Hóa dược,Y - Dược - Sức khỏe
ky-thuat-xet-nghiem-y-hoc-phan-hieu-thanh-hoa,Kỹ thuật Xét nghiệm y học Phân hiệu Thanh Hóa,Y - Dược - Sức khỏe
ky-thuat-hinh-anh-y-hoc,Kỹ thuật hình ảnh y học,Y - Dược - Sức khỏe
ky-thuat-phuc-hoi-chuc-nang,Kỹ thuật phục hồi chức năng,Y - Dược - Sức khỏe
ky-thuat-phuc-hoi-chuc-nang-phan-hieu-thanh-hoa,Kỹ thuật phục hồi chức năng Phân hiệu Thanh Hóa,Y - Dược - Sức khỏe
ky-thuat-xet-nghiem-y-sinh,Kỹ thuật xét nghiệm Y-Sinh,Y - Dược - Sức khỏe
ky-thuat-xet-nghiem-y-hoc,Kỹ thuật xét nghiệm y học,Y - Dược - Sức khỏe
ngan-cong-nghe-sinh-hoc-gom-3-chuyen-nganh-cong-nghe-sinh-hoc-y-duoc-cong-nghe-sinh-hoc-nong-nghiep-cong-nghe-sinh-hoc-tham-my,Ngàn Công nghệ sinh học gồm 3 chuyên ngành: Công nghệ sinh học y dược; Công nghệ sinh học nông nghiệp; Công nghệ sinh học thẩm mỹ,Y - Dược - Sức khỏe
rang-ham-mat-ket-hop-chung-chi-ngoai-ngu-quoc-te,Răng Hàm mặt kết hợp chứng chỉ ngoại ngữ quốc tế,Y - Dược - Sức khỏe
rang-ham-mat,Răng hàm mặt,Y - Dược - Sức khỏe
rang-ham-mat-ket-hop-so-tuyen-chung-chi-ngoai-ngu,Răng hàm mặt - kết hợp sơ tuyển chứng chỉ ngoại ngữ,Y - Dược - Sức khỏe
rang-ham-mat-ct-tieng-anh,Răng hàm mặt_CT tiếng Anh,Y - Dược - Sức khỏe
sinh-duoc-hoc,Sinh dược học,Y - Dược - Sức khỏe
tam-ly-hoc,Tâm lý học,Y - Dược - Sức khỏe
tam-ly-hoc-giao-duc,Tâm lý học giáo dục,Y - Dược - Sức khỏe
tam-ly-hoc-gom-chuyen-nganh-tam-ly-hoc-tham-van-tri-lieu,Tâm lý học gồm chuyên ngành: - Tâm lý học tham vấn & trị liệu,Y - Dược - Sức khỏe
tam-ly-hoc-gom-cac-chuyen-nganh-1-tam-ly-hoc-truong-hoc-va-to-chuc-2-tam-ly-hoc-lam-sang,"Tâm lý học, gồm các chuyên ngành: 1. Tâm lý học trường học và tổ chức 2. Tâm lý học lâm sàng",Y - Dược - Sức khỏe
tam-ly-hoc-gom-cac-chuyen-nganh-tam-ly-hoc-truong-hoc-va-to-chuc-tam-ly-hoc-lam-sang,"Tâm lý học, gồm các chuyên ngành: Tâm lý học trường học và tổ chức ; Tâm lý học lâm sàng",Y - Dược - Sức khỏe
vat-ly-y-khoa,Vật lý Y khoa,Y - Dược - Sức khỏe
vat-ly-hoc,Vật lý học,Y - Dược - Sức khỏe
vat-ly-hoc-cong-nghe-vat-ly-dien-tu-va-tin-hoc-cong-nghe-ban-dan,"Vật lý học , Công nghệ Vật lý điện tử và tin học , Công nghệ bán dẫn",Y - Dược - Sức khỏe
vat-ly-hoc-cong-nghe-vat-ly-dien-tu-va-tin-hoc,"Vật lý học, Công nghệ Vật lý điện tử và tin học",Y - Dược - Sức khỏe
y-hoc-co-truyen,Y học cổ truyền,Y - Dược - Sức khỏe
y-hoc-du-phong,Y học dự phòng,Y - Dược - Sức khỏe
y-khoa,Y khoa,Y - Dược - Sức khỏe
y-khoa-ket-hop-so-tuyen-chung-chi-ngoai-ngu,Y khoa - kết hợp sơ tuyển chứng chỉ ngoại ngữ,Y - Dược - Sức khỏe
y-khoa-phan-hieu-thanh-hoa,Y khoa Phân hiệu Thanh Hóa,Y - Dược - Sức khỏe
y-khoa-phan-hieu-thanh-hoa-ket-hop-chung-chi-ngoai-ngu-quoc-te,Y khoa Phân hiệu Thanh hóa kết hợp chứng chỉ ngoại ngữ quốc tế,Y - Dược - Sức khỏe
y-khoa-ket-hop-chung-chi-ngoai-ngu-quoc-te,Y khoa kết hợp chứng chỉ ngoại ngữ quốc tế,Y - Dược - Sức khỏe
y-khoa-ct-tieng-anh,Y khoa_CT tiếng Anh,Y - Dược - Sức khỏe
y-te-cong-cong,Y tế Công cộng,Y - Dược - Sức khỏe
y-da-khoa,Y đa khoa,Y - Dược - Sức khỏe
dh-tam-ly-hoc,ĐH Tâm lý học,Y - Dược - Sức khỏe
da-khoa,Đa khoa,Y - Dược - Sức khỏe
dieu-duong-phan-hieu-thanh-hoa,Điều Dưỡng phân hiệu Thanh Hóa,Y - Dược - Sức khỏe
dieu-duong,Điều dưỡng,Y - Dược - Sức khỏe
dieu-duong-chuong-trinh-viet-nhat,Điều dưỡng - Chương trình Việt Nhật,Y - Dược - Sức khỏe
dieu-duong-gay-me-hoi-suc,Điều dưỡng gây mê hồi sức,Y - Dược - Sức khỏe
dieu-duong-ho-sinh,Điều dưỡng hộ sinh,Y - Dược - Sức khỏe
dieu-duong-lien-thong,Điều dưỡng liên thông,Y - Dược - Sức khỏe
dieu-duong-nha-khoa,Điều dưỡng nha khoa,Y - Dược - Sức khỏe
dieu-duong-phu-san,Điều dưỡng phụ sản,Y - Dược - Sức khỏe
dieu-duong-da-khoa,Điều dưỡng đa khoa,Y - Dược - Sức khỏe
dia-ly-hoc,Địa lý học,Y - Dược - Sức khỏe
